State;Year;nephroptosis;necrobiosis lipoidica;renal insufficiency;high blood pressure;iron overload;pyelitis;pulmonary emphysema;gout;leptospirosis;kalemia;haematuria;mucoviscidosis;renal failure;fatty liver;rachischisis;metabolic disorder;coronary thrombosis;Christmas Disease;kidney;azotemia;lupus;cor pulmonale;dialysis;capsule;cirrhosis;diabetic;nephrosclerosis;polycystic kidney disease;sugar diabetes;anuria;kidney failure;nephrectomy;amyotrophic lateral sclerosis;cardiovascular disease;liver;nephrite;emia;albuminuria;nephrolith;aplastic anemia;coeliac disease;lymphoblastic leukemia;coronary artery disease;glaucoma;cardiovascular;aortic stenosis;renal;diabetes insipidus;uremia;nephritis;hypertrophic cardiomyopathy;hyponatremia;arteriosclerosis;respiratory disease;urine;myotonic muscular dystrophy;ray;chronic lymphocytic leukemia;toxemia of pregnancy;polydipsia;pancreatitis;degenerative;congestive heart failure;gulf war syndrome;uropathy;anemia;hemodialysis;pyelonephritis;renal corpuscle;genetic disorder;liver cancer;inflammatory bowel disease;acute myeloid leukemia;nephrotic syndrome;sickle cell anemia;oliguria;hypertension;stoning;rheumatoid arthritis;histiocytosis;hydronephrosis;autoimmune disease;Pkd;systemic lupus erythematosus;sleep apnea;nephropathy;prostate cancer;pneumonia;conversion disorder;glomerulonephritis;colon cancer;hemolytic anemia;lichen planus;lupus erythematosus;viscus;azathioprine;cancer;breast cancer;hyperkalemia;sepsis;pemphigus;erythropoietin;diabetes mellitus;Kawasaki Disease;chronic renal failure;rheumatic fever;ballottement;rheumatism;Data_Value
Alabama;2011;0;0;0;79;0;0;0;76;13;0;0;0;97;65;0;0;0;0;84;54;95;49;78;88;91;87;0;100;0;89;77;25;13;61;87;0;0;0;0;61;22;0;66;60;78;71;73;23;22;36;88;47;81;47;87;0;90;0;0;95;75;89;92;51;0;83;39;53;51;69;100;60;89;53;85;42;89;69;79;49;51;85;30;52;100;35;100;89;68;73;76;56;71;0;12;55;91;79;56;85;41;72;63;66;0;47;0;58;2.5
Alaska;2011;0;0;0;68;0;0;0;81;13;0;0;0;0;41;0;0;0;0;69;0;60;0;34;58;43;61;0;0;0;0;73;0;0;0;70;0;0;0;0;26;0;0;0;37;42;0;54;0;0;0;0;18;28;0;86;0;72;0;0;0;54;81;54;0;0;56;0;59;0;0;85;0;0;0;0;0;51;42;78;0;0;93;0;0;80;0;95;71;0;0;70;0;0;0;0;0;69;62;16;57;0;0;30;54;0;0;0;0;2.5
Arizona;2011;100;0;0;67;0;0;0;78;9;0;0;0;0;72;0;0;52;0;78;56;71;45;57;70;63;67;0;62;65;68;79;39;32;60;85;69;15;32;0;50;31;0;49;61;69;33;69;47;27;32;50;56;77;43;80;0;90;48;35;39;65;59;50;62;62;69;48;51;0;49;52;62;29;51;41;25;71;55;57;38;46;64;49;37;71;54;76;72;35;58;67;40;57;73;64;58;82;64;63;68;41;41;74;52;35;38;0;43;3.4
Arkansas;2011;0;0;0;89;0;0;0;83;14;0;0;0;86;100;0;0;0;0;81;50;86;31;60;71;88;95;0;85;0;28;67;76;36;90;88;48;0;0;0;67;0;0;56;61;65;38;71;36;48;45;58;71;88;100;78;0;87;0;0;71;79;78;90;32;0;78;27;54;0;88;83;31;0;77;63;61;81;71;49;39;41;86;10;0;90;81;78;73;68;48;86;66;38;0;0;46;89;72;47;79;42;45;63;57;0;62;0;41;2.8
California;2011;14;22;55;57;68;84;70;66;13;66;50;21;50;53;63;41;74;33;61;40;59;20;57;80;58;48;52;36;66;44;58;26;37;48;74;41;4;57;0;35;32;52;31;56;44;0;47;30;23;29;40;33;44;34;66;19;82;40;16;33;48;41;41;43;22;63;43;43;20;48;56;54;36;54;37;23;56;60;43;29;24;48;34;34;68;42;71;58;28;38;55;29;49;63;27;29;76;55;36;58;37;43;52;48;34;29;51;50;2.5
Colorado;2011;0;0;0;54;0;0;0;81;16;0;0;0;57;42;0;0;27;0;67;48;68;31;47;70;53;47;0;45;68;56;75;17;18;47;77;24;3;0;0;48;32;0;38;39;46;38;53;33;23;17;32;44;88;25;79;0;75;54;0;33;58;50;51;56;13;63;20;43;24;63;63;56;57;44;44;20;57;31;0;29;27;60;48;28;78;28;68;64;32;34;55;47;48;68;49;57;73;55;43;56;42;34;69;46;12;47;0;54;2.2
Connecticut;2011;0;0;0;51;0;0;0;64;21;0;0;0;64;54;0;0;0;0;72;41;73;41;53;83;75;52;0;46;0;34;75;58;39;60;80;58;10;0;0;22;69;0;59;59;55;52;65;30;35;41;59;50;77;49;76;0;88;47;15;29;76;60;45;90;42;74;35;47;13;52;85;100;74;55;53;20;62;71;65;64;47;57;67;57;84;42;86;77;63;72;74;51;49;0;53;56;93;72;44;55;31;51;52;66;59;53;0;66;1.8
Delaware;2011;0;0;0;66;0;0;0;73;9;0;0;0;0;71;0;0;0;0;83;43;60;0;58;73;85;50;0;0;0;0;85;0;0;0;82;0;0;0;0;66;0;0;0;52;100;0;63;47;0;37;63;71;0;0;93;0;88;0;0;39;64;38;64;0;0;79;20;0;0;0;79;0;0;0;52;26;71;98;55;0;69;40;0;0;79;0;90;74;18;35;63;0;0;0;0;0;92;86;70;68;0;49;59;83;0;0;0;0;2.4
District of Columbia;2011;0;0;0;70;0;0;0;74;14;0;0;0;44;36;0;0;75;0;67;42;81;24;55;61;0;45;0;57;63;39;62;27;30;38;66;0;0;0;0;25;45;0;24;56;48;49;52;36;26;16;38;45;58;20;77;0;84;12;0;25;47;42;47;67;0;63;18;32;0;0;61;65;64;67;51;26;70;64;50;51;27;54;58;0;82;42;78;66;30;37;64;29;76;0;0;28;79;62;51;57;51;48;42;67;0;27;0;100;2.7
Florida;2011;32;39;81;76;0;100;100;71;12;0;0;100;76;66;0;49;67;35;73;77;78;32;61;78;66;62;92;39;80;90;67;41;23;68;83;37;18;52;0;50;36;55;46;63;66;48;64;43;28;31;48;41;61;39;83;24;82;40;23;46;64;50;55;64;48;74;39;44;17;60;63;49;33;61;44;36;72;48;54;37;40;62;35;45;75;51;81;60;36;62;64;50;63;74;32;41;88;69;51;69;43;53;61;56;42;42;24;56;3.0
Georgia;2011;36;0;69;82;0;0;0;80;11;0;0;0;60;51;0;0;14;53;80;67;82;26;68;73;56;64;68;53;76;47;74;27;23;59;78;19;10;35;0;38;22;0;33;51;63;41;57;34;22;28;45;37;60;64;88;100;87;43;28;35;62;47;53;45;20;68;29;47;25;58;63;73;27;63;49;30;71;41;56;34;33;70;33;42;81;47;81;67;32;45;61;35;57;76;23;37;82;67;38;59;29;54;51;70;33;28;13;32;2.9
Hawaii;2011;0;0;0;62;0;0;0;100;100;0;0;0;46;62;0;0;0;0;85;11;57;0;77;100;57;54;0;0;0;0;55;43;41;53;82;0;0;0;0;62;48;0;14;60;39;42;59;50;48;0;44;78;100;0;74;0;76;0;0;41;50;49;35;0;0;66;36;51;0;0;48;0;51;0;22;28;66;81;60;0;31;55;32;0;78;92;69;71;19;73;64;0;36;0;0;0;79;54;53;68;0;13;46;60;0;18;0;46;3.2
Idaho;2011;0;0;0;65;0;0;0;79;11;0;0;0;90;68;0;0;0;0;76;41;66;42;60;79;49;77;0;0;0;38;94;0;49;65;82;0;0;0;0;67;0;0;44;65;49;0;57;40;66;46;40;53;69;30;68;0;80;0;0;61;48;67;68;0;0;71;25;44;0;0;62;0;0;30;33;33;76;45;62;0;25;70;65;0;59;100;78;57;23;55;75;100;60;0;0;93;77;56;49;73;35;78;25;58;0;79;0;55;2.4
Illinois;2011;64;0;88;63;61;0;0;71;14;0;0;0;59;50;90;100;20;42;70;62;74;22;62;68;53;55;37;48;82;79;71;38;29;47;79;22;7;12;0;47;28;0;39;56;52;42;57;33;30;33;46;39;49;23;78;0;83;55;21;44;57;51;51;39;19;71;39;45;9;49;71;55;73;67;44;39;64;57;61;52;37;66;49;42;77;41;71;68;48;59;70;53;47;74;47;47;81;68;51;64;32;47;56;60;38;45;19;39;2.7
Indiana;2011;0;0;0;72;0;0;0;74;20;0;0;0;73;57;0;0;75;0;79;64;73;54;64;65;61;78;46;49;96;59;78;63;46;63;82;17;18;47;0;62;30;0;58;49;62;45;72;50;19;51;65;63;89;46;88;36;98;29;13;53;80;72;70;100;18;92;46;46;33;68;77;61;53;80;86;48;77;62;82;50;55;76;30;44;85;46;86;82;72;79;85;43;58;70;54;32;96;80;34;76;41;68;62;66;34;99;0;61;2.0
Iowa;2011;0;0;0;71;0;0;0;64;26;0;0;0;70;46;0;0;0;0;75;61;72;43;57;63;60;76;0;75;0;69;57;23;44;96;78;59;15;0;0;48;0;0;50;65;63;53;68;36;30;31;54;63;86;48;84;0;81;0;0;50;74;47;54;39;0;76;45;50;0;0;61;82;28;68;46;63;79;72;66;40;25;66;29;52;81;77;75;83;47;85;79;55;62;0;67;63;88;75;63;76;31;98;76;48;0;67;0;33;1.3
Kansas;2011;0;0;0;70;0;0;0;73;16;0;0;0;59;43;0;0;0;0;74;26;75;20;58;67;54;74;0;43;0;18;55;31;47;78;74;0;0;0;0;67;28;0;39;55;54;28;60;36;28;44;44;38;33;72;82;0;84;0;0;41;57;62;63;21;0;75;42;50;0;100;79;81;30;58;54;39;66;30;68;60;51;80;100;18;77;39;64;64;45;100;76;37;33;0;0;45;86;68;57;60;56;22;53;60;0;44;0;26;2.2
Kentucky;2011;0;0;0;72;0;0;0;86;12;0;0;0;83;89;0;0;0;0;90;61;86;78;73;75;100;84;0;66;0;56;79;58;30;84;95;96;6;0;0;37;43;0;40;55;65;68;75;33;31;46;83;49;84;56;100;0;91;8;18;41;95;71;71;48;0;78;23;76;0;53;87;78;46;84;50;31;80;72;72;53;32;63;48;71;92;74;80;88;65;73;100;54;83;0;100;81;98;70;46;84;38;74;67;68;43;58;0;41;2.4
Louisiana;2011;0;0;0;76;0;0;0;82;8;0;0;0;66;67;0;0;0;0;84;66;84;21;77;84;71;80;0;57;0;76;71;42;46;67;84;0;0;0;0;43;0;0;46;56;89;26;79;38;40;59;42;58;97;49;88;0;100;0;100;49;71;58;73;52;0;83;30;42;35;71;71;51;58;78;77;30;84;50;78;100;45;60;72;69;80;32;85;71;28;66;75;66;52;0;24;50;79;76;39;75;51;80;82;57;0;43;0;29;2.5
Maine;2011;0;0;0;55;0;0;0;81;21;0;0;0;73;80;0;0;0;0;78;52;56;100;43;58;80;66;0;0;0;0;71;61;0;31;82;0;0;0;0;95;0;0;68;100;59;56;53;38;32;37;100;100;49;0;88;0;89;0;0;46;61;100;56;0;0;78;41;41;0;0;75;0;0;29;25;64;77;34;0;0;30;64;38;0;85;57;69;93;45;73;73;0;49;0;0;74;93;80;66;79;33;59;71;60;0;61;0;88;2.1
Maryland;2011;0;0;0;68;0;0;0;63;12;0;0;0;59;54;0;0;27;0;72;63;77;31;61;75;58;60;0;50;79;49;66;59;39;78;80;36;0;100;0;38;63;0;32;59;72;47;72;53;27;51;65;39;70;39;80;0;96;21;0;47;58;50;56;32;51;74;46;61;32;55;78;62;38;94;73;32;79;54;60;46;41;67;38;53;76;72;100;78;51;48;72;65;57;86;38;40;92;83;50;59;42;80;61;54;36;43;0;94;1.8
Massachusetts;2011;0;0;0;56;0;0;0;75;16;0;0;0;59;48;0;0;17;89;68;47;64;32;61;78;59;47;0;40;79;66;62;54;40;63;80;22;6;10;0;43;40;0;42;55;59;66;67;29;23;46;61;54;70;37;73;48;86;55;17;37;61;46;45;40;24;73;41;41;5;52;71;76;48;76;47;39;64;69;56;54;35;56;49;29;73;71;90;82;30;56;65;54;61;81;38;47;90;68;49;67;44;68;48;51;40;30;16;77;1.8
Michigan;2011;24;100;63;61;0;0;0;75;17;0;0;0;69;46;0;0;74;42;78;76;71;38;67;65;63;60;46;67;78;58;70;38;40;65;78;25;11;23;0;39;59;0;45;61;69;58;71;39;33;37;62;54;90;29;88;53;86;66;38;33;72;50;68;22;36;70;41;52;22;59;67;66;58;79;54;34;70;58;58;57;45;60;35;49;82;55;83;79;58;59;68;56;80;50;64;45;87;68;60;73;47;71;72;58;32;44;18;37;2.9
Minnesota;2011;0;0;0;62;0;0;0;82;12;0;0;0;67;51;0;0;24;0;74;60;76;22;55;64;62;56;29;42;0;81;77;27;30;58;78;32;3;0;0;35;57;0;50;60;59;56;64;36;32;38;70;47;51;30;79;0;79;85;24;40;67;60;57;43;0;63;28;67;0;54;67;65;61;70;44;33;74;57;56;47;42;61;52;62;79;82;83;85;57;65;66;41;82;0;44;53;83;64;46;65;51;59;50;53;54;58;0;45;1.6
Mississippi;2011;0;0;0;100;0;0;0;92;10;0;0;0;74;77;0;0;0;0;82;85;100;32;69;71;75;87;0;20;0;59;94;100;88;100;100;0;0;0;0;58;0;0;29;74;78;73;77;42;19;59;51;43;80;0;85;0;99;0;0;85;75;51;83;0;0;88;34;43;100;0;99;0;80;81;100;70;90;48;67;97;39;64;20;0;97;54;81;80;45;59;76;86;33;0;0;48;90;86;53;59;27;48;97;74;0;76;0;85;2.3
Missouri;2011;0;0;0;67;0;0;0;73;9;0;0;0;85;62;0;0;0;0;78;64;70;43;59;70;0;74;0;52;100;69;89;29;37;57;88;29;15;0;0;41;26;0;47;55;69;0;70;40;26;37;33;51;46;24;84;0;86;71;0;36;68;78;71;20;79;75;45;44;19;52;75;92;65;67;53;40;72;64;63;76;41;68;34;99;80;68;81;71;53;62;80;0;70;83;27;49;84;68;51;80;29;56;63;48;48;40;95;46;2.1
Montana;2011;0;0;0;79;0;0;0;84;26;0;0;0;60;47;0;0;0;0;64;0;73;0;33;66;84;59;0;0;0;0;61;0;0;0;83;0;0;0;0;0;93;0;0;37;52;0;46;65;0;100;0;36;84;0;74;0;74;0;0;0;63;95;62;0;0;59;40;100;0;0;55;0;33;49;48;13;67;29;0;0;50;100;42;0;78;48;83;77;19;0;75;0;0;0;0;0;84;61;24;66;0;25;10;47;0;80;0;0;2.4
Nebraska;2011;0;0;0;64;0;0;0;75;20;0;0;0;82;34;0;0;0;0;68;62;67;28;57;68;63;48;0;34;0;75;60;25;54;72;86;0;0;0;0;54;0;0;43;53;45;0;77;33;54;25;87;59;79;0;87;0;82;0;0;64;66;56;68;57;0;76;37;74;0;0;70;46;81;59;35;33;65;29;62;70;33;77;43;100;77;53;90;70;53;94;70;0;73;0;0;30;85;69;94;78;38;81;93;77;0;32;0;48;2.1
Nevada;2011;0;0;0;58;0;0;0;69;5;0;0;0;51;82;0;0;0;0;68;21;67;32;59;61;46;61;0;39;0;77;66;13;8;75;79;66;0;0;0;42;29;100;50;51;60;0;54;33;33;27;33;51;44;69;71;0;85;0;50;25;55;55;42;44;0;65;44;53;0;0;65;71;0;22;40;29;66;67;53;27;25;58;19;19;68;50;71;60;12;50;54;0;39;0;0;47;78;47;32;44;17;55;44;47;0;36;0;56;2.5
New Hampshire;2011;0;0;0;55;0;0;0;69;15;0;0;0;71;65;0;0;0;0;81;55;63;0;47;78;73;59;0;62;0;0;65;0;26;68;84;0;0;0;0;40;47;0;22;44;48;100;63;28;0;56;32;45;28;0;84;0;88;0;0;39;69;56;59;0;0;79;35;50;0;0;79;0;100;0;43;40;57;100;64;0;40;60;63;0;79;89;87;78;57;45;61;0;69;0;0;75;92;68;40;47;19;75;65;62;27;46;0;59;2.4
New Jersey;2011;0;0;0;62;0;0;0;71;13;0;0;0;57;61;0;63;54;0;71;42;79;28;59;75;54;53;0;30;75;51;60;32;40;72;81;71;4;11;0;35;35;0;40;51;64;39;58;31;17;40;39;36;36;20;75;0;92;50;0;28;53;46;42;32;34;67;43;30;11;67;76;54;48;90;62;29;61;56;57;64;30;59;46;33;69;61;93;66;36;46;73;36;47;65;26;36;93;74;32;58;43;30;71;50;32;31;86;86;1.9
New Mexico;2011;0;0;0;80;0;0;0;96;16;0;0;0;83;28;0;0;0;0;67;83;78;55;68;66;94;77;0;33;0;0;96;33;100;28;90;0;0;0;0;22;100;0;81;45;47;0;82;39;7;13;23;71;30;0;83;0;90;0;0;42;73;82;65;0;0;81;54;43;0;0;59;0;0;53;14;50;70;92;85;0;21;90;23;0;85;61;92;69;20;19;56;0;52;0;0;54;86;77;68;100;100;13;65;34;0;49;0;32;2.9
New York;2011;14;37;70;59;100;0;0;68;10;100;100;64;52;49;0;50;96;38;69;55;73;33;55;75;55;44;52;37;61;44;59;29;20;52;77;24;8;46;0;38;27;53;35;56;43;49;57;32;29;33;45;38;42;34;76;18;89;47;14;45;51;41;40;36;23;72;37;37;33;45;62;61;33;61;44;37;59;66;47;38;35;54;42;30;68;46;79;64;35;45;65;44;57;53;27;31;83;63;40;54;42;36;47;60;0;41;15;49;2.8
North Carolina;2011;0;0;68;72;0;0;0;83;13;0;0;0;71;69;0;93;71;47;83;51;78;38;65;71;67;66;0;42;76;37;64;36;52;62;86;16;12;66;0;39;63;86;33;61;56;41;67;39;17;34;50;47;44;50;82;0;91;49;18;41;71;73;62;47;68;74;26;56;16;72;65;70;75;56;73;35;70;48;66;37;35;74;47;30;91;55;87;71;51;49;66;52;55;76;43;55;90;74;40;68;32;49;70;68;0;53;68;47;2.1
North Dakota;2011;0;0;0;65;0;0;0;74;22;0;0;0;0;45;0;0;0;0;81;0;47;0;67;63;79;67;0;0;0;0;70;0;0;0;93;0;0;0;0;0;0;0;77;33;55;0;62;0;0;0;0;68;35;0;87;0;93;0;0;0;60;49;65;0;0;75;50;38;0;0;84;0;84;0;60;66;100;54;81;0;63;32;0;0;72;0;65;70;0;45;94;0;0;0;0;0;81;63;59;97;0;63;63;58;0;29;0;0;1.8
Ohio;2011;0;0;75;65;0;0;0;75;14;0;0;0;77;57;0;0;100;100;84;81;71;48;75;61;65;70;0;64;87;65;87;38;39;65;83;22;2;41;0;50;33;0;34;55;54;48;73;43;41;41;53;54;53;41;89;8;87;52;17;58;75;69;67;54;80;77;39;59;20;67;77;85;42;79;52;40;78;42;65;51;48;56;47;33;79;68;89;88;55;64;77;58;63;69;20;48;92;70;64;76;36;67;73;78;55;45;48;40;2.3
Oklahoma;2011;0;0;0;79;0;0;0;78;4;0;0;0;96;54;0;0;0;0;81;100;90;24;80;87;70;93;0;35;0;35;79;18;37;66;81;0;0;0;0;57;26;0;55;58;45;70;82;36;38;35;30;57;79;41;83;0;87;0;23;72;83;88;74;59;0;71;37;79;0;40;62;64;28;48;41;57;73;61;83;49;28;40;47;70;100;60;90;77;53;50;78;0;66;0;0;35;86;66;58;74;26;21;83;53;0;52;0;67;2.9
Oregon;2011;0;0;0;57;0;0;0;76;15;0;0;0;55;51;0;0;75;0;74;59;60;24;50;78;66;65;0;43;0;69;78;37;17;45;82;100;4;23;0;40;44;0;28;60;46;52;58;36;28;28;37;41;58;47;73;0;80;93;26;31;60;65;51;67;0;64;29;45;0;51;73;62;37;54;24;32;63;51;55;23;24;58;36;49;74;28;73;73;24;48;67;48;100;0;61;36;77;51;40;64;50;52;77;54;38;46;0;52;2.3
Pennsylvania;2011;87;0;100;64;0;0;0;76;13;0;0;0;74;62;0;0;54;71;77;100;82;29;72;69;71;58;100;64;84;56;80;42;46;68;83;12;8;25;0;32;37;90;52;61;61;52;74;47;32;43;61;60;53;49;88;26;91;53;9;47;71;56;62;32;19;76;48;52;28;59;79;81;52;87;50;36;75;72;74;58;44;70;43;73;85;80;91;76;50;60;73;0;70;100;36;61;98;76;51;77;46;43;63;57;64;56;65;48;2.2
Rhode Island;2011;0;0;0;52;0;0;0;65;8;0;0;0;30;60;0;0;0;0;70;42;57;0;53;99;46;54;0;0;0;39;60;0;34;67;85;0;0;0;0;51;0;0;39;54;51;0;59;61;0;16;68;54;18;0;81;0;91;0;0;100;69;42;58;0;0;72;6;64;0;0;57;0;0;0;27;8;74;74;60;18;51;55;53;0;83;62;67;79;72;79;73;0;80;0;0;96;85;84;45;57;36;96;38;100;0;22;0;76;2.1
South Carolina;2011;0;0;0;69;0;0;0;88;15;0;0;0;74;70;0;0;0;0;86;53;78;26;71;63;92;76;0;55;83;41;74;41;23;53;81;23;0;0;0;33;82;0;37;55;71;52;71;36;21;47;42;46;37;48;89;25;91;48;0;43;69;65;79;46;0;76;49;51;15;70;77;70;81;64;54;32;74;54;66;6;24;67;14;27;71;64;87;73;58;74;89;20;37;0;53;28;89;72;37;81;41;55;85;67;71;30;0;26;2.0
South Dakota;2011;0;0;0;73;0;0;0;79;0;0;0;0;0;52;0;0;0;0;85;0;68;0;69;61;50;82;0;0;0;0;70;0;0;0;83;0;0;0;0;100;0;0;0;62;62;0;84;100;100;0;0;75;35;0;91;0;76;0;0;73;71;60;68;0;0;80;100;86;0;0;0;0;0;0;46;100;87;18;67;36;100;33;0;0;73;60;70;100;0;66;77;0;52;0;0;0;93;100;99;91;0;93;50;68;0;100;0;0;1.8
Tennessee;2011;0;0;0;77;0;0;0;84;11;0;0;0;100;86;0;0;35;0;89;78;95;71;100;77;87;92;0;28;71;100;83;52;27;62;93;46;8;43;0;61;14;74;56;60;74;51;98;61;33;48;69;65;70;36;90;0;97;75;12;35;86;71;79;72;100;83;84;76;0;63;79;57;59;100;65;37;88;36;77;72;65;76;37;23;89;76;95;85;47;84;84;0;70;79;85;85;92;80;57;80;25;56;62;62;71;36;100;70;2.0
Texas;2011;14;26;74;77;52;33;0;71;12;70;79;0;54;59;100;46;73;40;73;55;78;25;64;71;70;63;55;42;79;53;65;35;39;50;80;37;3;21;100;41;20;65;37;56;48;31;59;31;20;28;36;34;47;32;78;13;84;39;17;50;55;45;53;45;16;72;29;51;15;48;57;47;37;57;42;29;62;51;53;41;32;57;36;41;70;38;66;63;39;43;65;34;48;71;32;31;79;60;40;60;34;41;64;48;0;39;53;45;2.7
Utah;2011;0;0;0;51;0;0;0;61;10;0;0;0;61;48;0;0;0;0;73;31;59;47;52;70;46;57;0;46;0;86;74;17;22;100;67;0;100;0;0;52;52;0;37;45;64;43;52;47;15;21;53;39;70;0;68;0;82;0;0;38;54;56;50;19;0;62;28;36;0;0;0;88;56;55;44;37;67;68;0;16;39;64;59;17;88;41;66;52;58;69;62;55;58;0;67;35;74;47;26;57;16;56;36;46;0;78;0;33;3.0
Vermont;2011;0;0;0;54;0;0;0;72;24;0;0;0;0;52;0;0;0;0;83;0;59;0;28;66;35;49;0;0;0;0;100;0;0;0;89;0;0;0;0;0;0;0;0;61;51;0;67;0;0;0;0;40;0;0;73;0;89;0;0;0;83;62;61;0;0;60;44;22;0;0;42;0;0;0;59;0;62;79;86;0;33;59;46;0;75;0;77;82;0;19;68;0;0;0;0;0;84;65;69;32;0;0;77;26;0;0;0;0;2.0
Virginia;2011;0;0;0;67;0;0;0;71;8;0;0;0;60;59;0;0;76;99;76;56;75;43;53;81;58;62;0;27;82;44;71;23;34;40;83;42;9;59;0;52;22;48;28;53;59;24;56;34;16;40;50;44;49;23;79;0;91;76;19;41;60;59;57;56;18;73;35;49;17;72;72;60;35;70;58;37;66;63;60;55;35;63;39;37;90;48;79;68;51;67;76;39;72;71;54;54;85;69;35;63;34;44;57;48;36;42;36;50;1.9
Washington;2011;0;0;0;53;0;0;0;80;17;0;0;0;0;57;0;0;20;0;74;49;65;18;49;74;59;57;0;47;77;51;69;34;39;50;80;61;7;61;0;40;23;0;36;52;40;40;47;36;20;31;42;34;53;32;74;9;79;60;7;34;65;53;48;52;28;63;29;37;12;49;58;47;64;53;30;27;58;52;56;36;32;68;31;36;78;34;71;69;45;46;66;43;73;86;16;60;77;50;36;47;40;44;47;60;40;33;0;69;2.2
West Virginia;2011;0;0;0;72;0;0;0;90;3;0;0;0;75;79;0;0;0;0;100;73;85;45;76;84;98;100;0;69;0;41;89;83;0;0;83;0;0;0;0;63;0;0;100;54;68;71;100;54;27;33;57;57;37;32;98;0;93;0;0;78;100;84;78;0;0;100;73;86;0;0;87;91;44;65;89;53;89;76;100;96;80;75;14;0;82;75;86;98;100;59;85;0;55;0;0;100;100;88;100;97;37;100;100;67;0;38;0;0;2.6
Wisconsin;2011;0;0;0;60;0;0;0;71;15;0;0;0;58;54;0;0;0;0;70;51;67;17;58;58;61;64;0;36;0;53;95;51;57;55;80;15;4;63;0;54;27;0;33;57;60;48;68;33;29;34;80;43;28;63;82;0;79;100;35;56;69;64;56;40;0;71;29;58;0;79;57;55;38;51;41;43;65;50;59;58;42;67;48;57;81;35;81;84;57;61;69;66;94;91;76;83;85;70;44;71;35;65;77;49;100;48;0;69;2.0
Wyoming;2011;0;0;0;47;0;0;0;79;9;0;0;0;0;43;0;0;0;0;52;0;78;0;25;56;49;55;0;0;0;0;63;0;0;0;85;0;0;0;0;0;0;0;0;70;60;0;62;0;0;0;88;50;0;0;66;0;84;0;0;0;85;45;100;0;0;73;0;0;0;0;0;0;0;0;22;0;64;0;81;0;0;0;0;0;44;0;77;76;0;0;77;0;0;0;0;0;83;62;49;25;0;0;21;0;0;0;0;0;2.1
Alabama;2012;0;0;0;92;0;0;0;77;16;0;0;0;100;56;0;0;0;0;79;66;92;63;70;100;87;89;0;65;0;79;80;85;100;64;81;0;0;0;0;67;17;0;38;64;99;50;70;64;53;50;33;45;44;43;88;0;94;0;0;38;69;83;97;78;0;93;70;84;26;64;71;87;38;33;70;68;72;50;73;54;79;56;80;68;84;38;89;100;100;97;86;46;57;0;28;57;87;91;60;68;55;47;39;88;0;74;0;16;2.2
Alaska;2012;0;0;0;87;0;0;0;70;18;0;0;0;0;62;0;0;0;0;78;0;65;0;34;88;52;54;0;0;0;0;74;0;0;0;72;0;0;0;0;54;0;0;0;62;48;0;37;0;0;0;0;25;48;0;69;0;64;0;0;0;38;58;55;0;0;70;0;25;0;0;54;0;0;0;0;0;64;58;68;0;0;51;0;0;76;0;71;66;0;0;65;0;0;0;0;0;71;61;30;35;0;0;27;76;0;0;0;0;2.2
Arizona;2012;100;0;0;72;0;0;0;69;11;0;0;0;0;67;0;0;29;0;72;35;69;64;61;87;79;64;0;52;85;41;82;63;63;47;76;66;27;42;0;57;32;0;42;62;78;60;59;62;38;55;40;37;34;32;75;0;91;33;27;49;60;67;59;80;46;80;57;71;73;71;60;72;61;44;46;69;69;39;60;42;70;59;75;48;70;28;72;71;50;40;74;61;62;72;27;70;80;66;37;53;40;51;34;57;48;55;0;37;3.5
Arkansas;2012;0;0;0;85;0;0;0;84;9;0;0;0;77;50;0;0;0;0;76;69;83;33;69;80;71;90;0;100;0;52;74;83;49;68;73;79;0;0;0;60;0;0;49;67;83;53;66;53;28;78;32;38;62;57;85;0;90;0;0;62;72;89;88;30;0;84;99;94;0;75;81;38;54;58;77;74;73;57;76;83;94;73;65;0;85;18;83;72;78;56;87;97;50;0;0;44;84;72;49;59;46;21;63;55;0;67;0;56;2.6
California;2012;27;45;52;62;61;13;51;69;10;41;10;21;52;48;0;51;44;68;58;45;61;36;60;88;63;51;49;40;64;38;66;38;48;40;68;51;13;37;100;48;37;58;27;68;55;0;46;42;31;38;27;25;38;43;65;43;79;37;36;30;43;45;40;34;28;70;64;46;36;59;60;54;37;31;33;43;51;54;43;37;45;42;52;39;66;29;63;53;42;29;64;34;43;63;46;35;74;61;33;52;33;30;34;50;47;35;27;36;2.5
Colorado;2012;0;0;0;63;0;0;0;81;19;0;0;0;53;44;0;0;14;0;60;39;62;56;47;70;57;46;0;54;58;32;63;77;60;34;70;36;4;0;0;55;8;0;35;53;48;31;48;61;19;27;25;27;48;28;77;0;72;59;25;37;61;49;42;42;11;67;32;54;46;72;64;77;44;36;37;34;57;56;0;33;52;46;45;30;72;27;62;58;59;32;71;41;57;49;44;48;74;62;46;57;41;32;30;52;56;54;0;37;2.0
Connecticut;2012;0;0;0;64;0;0;0;70;21;0;0;0;75;59;0;0;45;0;66;66;66;50;60;87;61;57;0;82;0;20;74;68;80;68;72;15;35;0;0;57;38;0;44;73;67;57;64;40;44;52;51;35;44;50;76;0;84;40;42;38;56;65;62;57;55;77;54;54;38;67;75;47;78;42;56;39;57;61;58;71;54;56;54;69;63;50;75;66;61;42;72;65;63;0;73;84;89;81;44;57;61;37;42;56;46;57;0;33;2.1
Delaware;2012;0;0;0;71;0;0;0;85;15;0;0;0;0;69;0;0;0;0;67;81;62;0;63;77;66;67;0;0;0;74;82;0;0;0;71;0;0;0;0;71;0;0;0;62;96;0;55;62;59;97;56;18;100;0;92;0;82;0;0;13;75;75;41;0;0;87;80;53;0;0;90;0;0;0;69;0;61;31;75;0;35;53;0;0;82;57;100;65;84;11;66;0;0;0;0;0;100;95;18;80;0;30;40;55;0;0;0;0;2.3
District of Columbia;2012;0;0;0;70;0;0;0;66;10;0;0;0;49;45;0;0;0;0;65;33;75;37;62;63;0;47;0;33;68;42;67;38;25;36;67;0;0;0;0;35;10;0;21;76;51;55;47;43;30;40;26;27;38;29;80;0;84;37;0;36;48;50;46;93;0;72;36;29;0;0;56;55;32;18;42;50;51;46;40;40;30;46;48;0;79;38;60;69;48;25;66;34;43;0;0;44;76;75;37;54;30;32;26;70;0;42;0;56;2.6
Florida;2012;45;62;68;78;0;15;100;70;13;0;0;47;60;48;0;48;22;77;66;57;72;50;60;84;66;59;52;52;73;49;67;58;62;59;75;26;19;25;0;58;41;64;39;74;79;61;58;61;40;46;36;32;53;41;82;23;85;34;32;43;52;50;58;51;32;80;52;51;26;61;61;55;25;47;49;62;65;44;53;39;69;46;51;47;73;32;69;64;54;46;68;46;60;60;48;55;84;71;48;54;39;34;46;62;59;46;66;26;3.2
Georgia;2012;24;0;42;83;0;0;0;71;10;0;0;0;62;47;0;0;14;72;72;41;81;41;65;77;59;58;52;44;80;42;79;65;30;45;66;23;24;27;0;59;35;0;29;54;71;51;51;43;42;47;26;26;43;32;84;100;83;23;32;28;53;60;58;46;22;74;48;54;52;63;69;61;37;41;64;55;57;42;48;30;42;49;57;38;71;35;63;72;34;33;72;42;37;50;45;42;83;74;34;48;38;30;28;66;68;51;19;26;3.4
Hawaii;2012;0;0;0;72;0;0;0;100;100;0;0;0;59;61;0;0;0;0;70;66;51;60;79;83;67;52;0;0;0;0;76;0;70;36;74;0;0;0;0;71;72;0;34;68;53;50;63;62;37;35;21;31;33;0;66;0;74;0;0;20;53;45;46;0;0;65;100;66;0;0;41;0;0;0;25;56;62;30;48;0;53;30;0;0;70;33;61;57;49;55;65;0;58;0;0;0;71;57;37;48;0;45;51;28;0;53;0;9;3.4
Idaho;2012;0;0;0;65;0;0;0;79;14;0;0;0;85;49;0;0;0;0;66;50;61;88;66;74;62;65;0;0;0;46;67;0;43;31;70;0;49;0;0;96;44;0;30;67;53;0;51;63;27;34;42;36;31;100;70;0;68;100;0;41;56;69;71;0;0;75;41;65;0;0;69;0;0;51;40;58;65;19;76;0;29;68;17;0;76;29;45;62;95;34;61;58;65;0;0;73;70;60;42;49;20;37;55;58;0;66;0;21;2.0
Illinois;2012;85;0;61;68;100;0;0;70;13;0;0;0;62;43;52;79;20;61;65;52;71;42;64;74;59;56;80;49;76;41;70;61;66;44;69;13;11;85;0;45;30;0;33;60;52;58;55;49;41;42;32;26;37;37;81;0;86;41;45;35;52;56;50;35;16;73;49;40;74;59;68;55;40;41;49;47;56;50;56;52;55;44;51;34;73;36;67;68;51;36;73;55;47;50;43;61;78;74;41;59;33;33;35;51;62;53;68;26;2.6
Indiana;2012;0;0;0;75;0;0;0;69;11;0;0;0;82;54;0;0;41;0;75;61;79;42;70;70;75;79;62;63;100;53;78;48;51;61;71;14;19;100;0;57;35;0;47;74;71;54;72;69;43;45;31;40;24;68;83;54;90;63;19;41;69;80;70;52;100;91;60;68;52;81;75;79;74;58;78;41;66;41;77;45;53;52;72;80;83;42;76;73;89;37;86;59;55;83;67;69;87;83;54;69;55;48;51;64;85;83;0;25;2.8
Iowa;2012;0;0;0;65;0;0;0;69;15;0;0;0;91;50;0;0;0;0;70;72;57;30;50;83;79;71;0;85;0;58;61;65;66;73;70;27;13;0;0;49;0;0;38;78;60;63;77;85;70;74;31;39;57;57;74;0;78;0;0;46;60;74;58;41;0;80;67;75;0;0;60;89;100;52;49;80;68;24;60;72;74;48;53;100;81;47;65;68;79;69;76;35;61;0;56;82;82;69;45;64;41;76;52;50;0;74;0;38;1.9
Kansas;2012;0;0;0;69;0;0;0;66;9;0;0;0;60;42;0;0;0;0;67;44;69;85;52;80;69;72;0;47;0;55;53;53;52;50;72;0;0;0;0;59;22;0;42;64;72;30;62;68;53;33;37;32;45;60;85;0;80;0;0;43;53;67;66;19;0;67;48;66;0;80;71;78;47;58;46;47;67;45;68;30;60;49;100;32;75;31;60;76;62;52;82;71;49;0;0;99;80;77;31;61;39;63;37;74;0;57;0;20;1.9
Kentucky;2012;0;0;0;88;0;0;0;90;12;0;0;0;94;75;0;0;0;0;82;72;82;94;82;79;90;82;0;56;0;32;100;66;69;46;78;37;18;0;0;100;16;0;34;75;69;63;77;82;42;52;49;43;40;62;100;0;88;64;53;61;84;92;99;43;0;85;65;57;0;72;75;71;30;46;49;87;80;53;77;56;57;60;74;47;79;48;76;89;77;60;90;63;60;0;65;63;91;86;57;67;11;46;57;89;87;82;0;30;2.8
Louisiana;2012;0;0;0;81;0;0;0;80;8;0;0;0;76;54;0;0;0;0;77;100;94;57;73;90;78;73;0;62;0;90;94;83;45;53;78;0;0;0;0;74;0;0;35;76;86;42;67;75;53;73;34;48;49;49;93;0;92;0;67;40;70;64;74;49;0;87;42;77;80;74;74;53;34;60;53;56;72;51;61;56;57;71;88;53;89;35;70;87;31;43;86;54;61;0;44;35;79;77;36;69;52;68;51;69;0;40;0;19;2.3
Maine;2012;0;0;0;62;0;0;0;81;23;0;0;0;90;92;0;0;0;0;68;30;57;43;68;69;56;68;0;0;0;0;75;0;0;53;84;0;0;0;0;69;0;0;60;69;75;91;60;44;9;17;50;51;81;0;81;0;91;0;0;16;90;66;69;0;0;78;41;97;0;0;84;0;0;59;60;38;68;64;0;0;72;81;68;0;90;63;72;77;42;66;83;0;71;0;0;0;93;87;41;46;100;46;35;67;0;51;0;10;2.0
Maryland;2012;0;0;0;74;0;0;0;65;13;0;0;0;73;45;0;0;14;0;64;57;75;53;73;73;67;61;0;61;80;33;70;77;71;75;73;38;27;97;0;62;40;0;34;78;86;61;63;60;28;49;27;31;41;36;75;0;97;58;13;51;54;61;56;29;35;82;65;51;48;52;77;91;57;51;70;44;73;41;62;37;45;59;44;60;85;44;85;70;70;41;77;50;59;66;33;59;91;87;49;68;46;36;46;40;48;55;0;100;2.3
Massachusetts;2012;0;0;0;60;0;0;0;69;15;0;0;0;63;48;0;0;41;43;65;53;70;37;65;85;64;50;0;45;80;40;64;73;54;45;69;22;8;32;0;66;14;0;29;77;62;64;60;69;30;58;30;41;50;27;76;43;87;46;8;41;57;52;48;46;46;77;58;59;48;67;63;83;50;43;49;46;59;48;55;51;62;52;70;48;64;48;70;78;64;37;76;62;76;64;46;72;87;76;37;54;38;44;36;66;72;47;57;42;1.7
Michigan;2012;62;80;58;66;0;0;0;67;14;0;0;0;69;41;0;0;27;28;67;64;67;60;63;71;61;63;67;70;83;42;79;77;32;55;73;29;17;17;0;65;15;0;37;61;77;72;58;58;39;49;35;41;36;51;85;35;80;34;17;44;54;52;66;32;29;77;63;61;45;58;64;59;39;42;49;48;63;48;57;59;54;56;66;42;68;40;67;68;57;44;74;46;66;59;67;67;87;74;58;60;37;30;40;56;74;50;38;31;3.1
Minnesota;2012;0;0;0;59;0;0;0;74;12;0;0;0;64;44;0;0;40;0;64;54;76;72;53;81;61;55;100;53;0;35;66;81;33;57;67;71;13;0;0;49;23;0;47;65;66;77;60;60;45;59;42;39;47;34;78;0;75;68;50;52;60;59;51;34;0;69;54;66;34;64;72;81;58;54;40;73;62;41;65;82;58;44;67;56;73;35;60;72;60;52;76;43;60;0;74;70;81;65;40;58;48;27;43;57;100;74;0;37;2.0
Mississippi;2012;0;0;0;100;0;0;0;83;3;0;0;0;79;45;0;0;0;0;73;51;99;32;80;88;67;84;0;18;0;100;77;80;63;100;72;0;0;0;0;83;0;0;47;72;100;50;69;74;100;44;25;31;60;0;94;0;100;0;0;48;58;92;100;0;0;100;78;83;97;0;75;0;62;100;100;100;94;82;82;68;42;59;50;0;81;47;66;98;25;54;100;100;52;0;0;85;90;100;47;87;44;61;59;50;0;43;0;31;2.7
Missouri;2012;0;0;0;74;0;0;0;74;11;0;0;0;70;53;0;0;0;0;72;44;72;72;59;71;0;67;0;55;83;47;69;69;45;60;71;0;28;0;0;57;17;0;33;71;73;0;65;52;48;57;39;35;62;45;83;0;81;45;0;45;59;75;68;30;36;79;66;57;63;63;74;68;43;41;53;76;67;44;54;68;57;55;98;54;70;39;69;74;65;53;81;0;52;57;28;56;85;74;57;66;29;40;44;58;65;74;62;24;2.6
Montana;2012;0;0;0;69;0;0;0;86;23;0;0;0;75;40;0;0;0;0;64;0;67;0;47;50;77;60;0;0;0;0;84;0;0;0;73;0;0;0;0;0;74;0;0;58;75;0;60;10;0;28;0;26;17;0;79;0;76;0;0;0;75;62;58;0;0;77;82;45;0;0;61;0;71;0;39;81;62;15;0;0;24;62;85;0;92;38;46;70;71;0;57;0;0;0;0;0;76;71;31;72;0;15;75;72;0;61;0;0;2.1
Nebraska;2012;0;0;0;70;0;0;0;63;22;0;0;0;81;38;0;0;0;0;71;54;62;39;56;85;51;63;0;73;0;91;77;61;72;44;69;0;0;0;0;70;0;0;27;74;51;0;64;68;37;69;46;40;27;0;82;0;78;0;0;38;66;58;70;54;0;85;49;69;0;0;72;91;37;40;63;77;61;43;59;21;88;47;80;58;65;35;77;70;51;67;90;0;67;0;0;78;81;68;51;54;34;62;63;84;0;64;0;84;2.3
Nevada;2012;0;0;0;75;0;0;0;81;7;0;0;0;49;44;0;0;0;0;67;87;67;67;61;87;67;65;0;43;0;35;74;47;44;50;76;53;0;0;0;44;23;47;34;63;76;0;47;58;69;35;39;21;36;32;70;0;77;0;0;46;53;62;35;0;0;75;58;42;0;0;73;64;0;52;50;40;67;100;52;40;56;53;35;11;68;27;68;50;35;17;58;0;45;0;0;37;75;64;38;37;82;19;36;42;0;45;0;38;3.2
New Hampshire;2012;0;0;0;59;0;0;0;75;22;0;0;0;72;64;0;0;0;0;65;52;69;0;54;85;91;64;0;31;0;0;67;0;93;50;72;0;0;0;0;45;0;0;23;100;64;100;65;99;0;37;59;47;62;0;80;0;84;0;0;35;68;80;66;0;0;69;36;52;0;0;82;0;24;0;33;93;56;89;69;0;56;62;75;0;76;46;70;83;89;47;86;0;62;0;0;63;88;87;33;42;26;32;36;34;88;44;0;9;2.6
New Jersey;2012;0;0;0;67;0;0;0;61;10;0;0;0;63;45;0;100;10;0;62;49;79;31;61;83;59;52;0;27;82;34;63;69;65;52;71;32;22;10;0;53;28;0;27;65;70;63;56;41;36;47;34;27;35;34;70;0;93;48;37;30;49;46;55;35;32;76;42;37;25;70;79;79;43;46;50;45;59;41;62;47;50;56;56;49;60;29;77;62;38;34;77;37;56;77;23;62;87;82;39;52;43;41;36;56;56;50;27;42;2.2
New Mexico;2012;0;0;0;79;0;0;0;76;6;0;0;0;70;59;0;0;0;0;72;62;72;52;57;79;100;73;0;53;0;20;61;16;57;58;82;0;0;0;0;54;0;0;43;76;59;0;58;78;8;61;38;44;72;0;73;0;82;0;0;100;53;54;65;0;0;77;80;57;0;0;57;0;0;68;41;52;84;82;67;0;38;52;0;0;88;21;69;66;60;48;74;0;100;0;0;90;80;80;54;79;44;41;62;56;0;39;0;19;3.4
New York;2012;32;100;52;61;79;0;0;61;14;100;100;100;58;43;100;69;31;97;57;54;72;50;56;81;52;47;42;42;69;46;62;56;32;40;67;27;13;30;0;52;39;60;25;66;53;63;57;46;37;52;38;28;37;28;67;41;85;40;23;28;45;44;44;30;23;73;57;42;47;57;64;72;37;41;47;48;56;50;49;49;57;48;57;43;60;33;67;59;69;37;64;46;48;54;39;53;82;70;42;56;35;34;32;51;0;51;39;33;2.1
North Carolina;2012;0;0;85;82;0;0;0;77;11;0;0;0;67;58;0;70;18;67;72;55;76;48;61;88;68;68;0;51;82;32;73;49;66;54;71;49;20;54;0;64;36;81;30;60;65;67;57;60;21;53;44;34;41;48;80;0;86;26;26;39;60;71;69;42;37;78;46;47;62;66;70;71;48;29;69;41;62;50;61;51;46;60;64;33;69;43;70;74;61;41;77;47;62;52;51;49;86;81;47;57;38;39;38;61;0;56;77;22;2.5
North Dakota;2012;0;0;0;80;0;0;0;91;0;0;0;0;0;49;0;0;0;0;66;0;80;0;71;97;79;71;0;0;0;0;49;0;0;0;83;0;0;0;0;0;0;0;100;65;75;0;65;0;0;0;0;60;21;0;82;0;92;0;0;0;69;63;48;0;0;82;50;100;0;0;56;0;87;0;68;99;72;77;82;0;90;100;0;0;81;0;66;86;0;0;92;0;0;0;0;0;83;85;31;50;0;57;100;100;0;60;0;0;2.0
Ohio;2012;0;0;98;72;0;0;0;71;12;0;0;0;89;55;0;0;45;66;76;76;70;49;69;72;73;77;0;68;84;52;86;63;69;58;73;30;14;26;0;56;36;0;44;67;69;90;74;72;59;55;64;49;52;66;88;59;80;48;67;56;75;64;74;46;22;80;68;60;30;93;82;83;44;48;56;57;69;47;64;59;68;52;59;55;74;44;71;80;81;52;76;62;51;70;88;69;86;81;46;66;35;32;40;62;74;69;63;35;2.3
Oklahoma;2012;0;0;0;80;0;0;0;79;17;0;0;0;91;48;0;0;0;0;71;58;100;56;64;84;67;80;0;52;0;66;77;53;72;62;73;100;0;0;0;58;21;0;20;60;62;85;57;73;44;50;57;42;44;30;75;0;88;0;35;55;80;100;69;77;0;80;55;81;0;48;80;67;41;45;53;70;66;36;71;75;80;51;49;42;91;36;78;81;50;58;73;0;46;0;0;49;79;71;64;69;39;31;55;66;0;74;0;35;2.4
Oregon;2012;0;0;0;63;0;0;0;61;13;0;0;0;63;38;0;0;43;0;61;61;57;64;48;87;66;64;0;63;0;6;73;81;53;41;72;86;7;21;0;62;24;0;37;57;59;46;56;63;27;49;47;34;25;55;70;0;76;33;20;42;56;51;55;44;0;76;49;54;18;43;57;65;42;47;41;27;53;64;53;99;34;59;61;48;79;35;63;60;49;31;64;51;57;0;50;68;76;56;47;47;19;41;31;48;56;60;0;38;2.5
Pennsylvania;2012;51;0;100;67;0;0;0;72;12;0;0;0;82;53;0;0;15;100;71;70;77;52;75;80;74;63;55;58;80;38;79;69;69;61;81;49;16;50;0;70;46;56;45;78;77;90;74;66;46;68;47;40;56;54;85;39;85;52;21;57;58;63;69;45;24;84;70;64;56;100;83;77;38;40;54;60;75;58;65;53;76;60;53;70;81;43;76;77;78;61;81;0;63;85;62;57;96;87;51;69;65;44;43;69;70;75;62;32;2.1
Rhode Island;2012;0;0;0;52;0;0;0;63;7;0;0;0;43;45;0;0;0;0;66;32;64;0;55;97;66;53;0;0;0;0;52;0;69;81;69;0;0;0;0;47;0;0;20;74;84;0;67;81;10;27;100;34;87;0;71;0;86;0;0;35;49;68;75;0;0;90;17;58;0;0;72;0;0;0;42;42;50;29;52;100;54;54;73;0;78;37;58;81;82;43;66;0;64;0;0;16;84;82;68;50;32;20;41;62;0;47;0;45;2.3
South Carolina;2012;0;0;0;73;0;0;0;74;5;0;0;0;78;59;0;0;0;0;75;39;79;57;79;74;81;71;0;52;85;24;71;79;62;55;73;37;18;0;0;53;16;0;41;66;70;63;67;65;58;49;43;30;73;62;82;37;85;71;0;55;69;83;75;100;0;83;41;58;0;91;73;72;35;33;73;56;67;50;57;67;39;60;31;70;79;39;69;79;82;34;78;66;49;0;26;47;83;81;35;57;57;53;52;68;87;73;0;22;2.4
South Dakota;2012;0;0;0;65;0;0;0;81;0;0;0;0;0;43;0;0;0;0;69;0;69;0;76;67;92;83;0;0;0;0;47;0;0;0;71;0;0;0;0;93;0;0;0;61;67;0;70;68;59;0;0;100;44;0;83;0;76;0;0;70;66;57;58;0;0;88;53;47;0;0;0;0;0;0;71;84;92;60;81;67;63;75;0;0;100;100;55;92;0;58;98;0;77;0;0;0;88;90;24;55;0;100;82;52;0;47;0;0;2.1
Tennessee;2012;0;0;0;84;0;0;0;76;11;0;0;0;99;74;0;0;54;0;82;78;91;83;100;92;84;86;0;85;89;52;93;100;54;49;85;24;22;69;0;75;61;100;46;64;92;70;98;100;37;100;55;49;44;40;94;0;95;54;100;54;76;80;83;91;44;88;95;79;15;68;79;69;70;39;61;55;82;78;73;46;93;63;66;80;87;52;80;98;53;67;80;0;59;100;100;70;91;84;58;72;41;44;51;69;83;71;100;24;2.3
Texas;2012;83;48;51;86;53;100;0;67;10;16;32;0;61;51;96;73;33;62;68;47;77;40;67;77;66;64;80;43;72;50;72;50;42;42;71;33;16;40;77;46;25;60;32;63;59;35;55;47;41;36;23;26;40;34;79;27;82;33;39;32;53;53;60;56;34;77;50;56;58;55;62;58;33;35;45;55;61;54;53;37;39;49;55;51;70;28;58;69;47;31;68;46;38;64;28;43;75;72;40;51;33;29;39;60;0;44;41;28;2.9
Utah;2012;0;0;0;52;0;0;0;63;7;0;0;0;84;42;0;0;0;0;64;68;53;39;49;68;53;55;0;16;0;31;70;49;39;38;66;70;100;0;0;47;100;0;34;44;58;45;49;63;24;50;54;38;55;0;66;0;75;0;0;22;50;48;55;72;0;61;29;44;0;0;0;90;38;39;35;62;56;46;0;63;29;53;39;69;92;16;57;69;46;39;83;48;54;0;33;46;69;52;34;58;50;33;42;70;0;52;0;28;3.2
Vermont;2012;0;0;0;57;0;0;0;44;9;0;0;0;0;46;0;0;0;0;59;0;62;0;47;63;40;54;0;0;0;0;75;0;0;0;85;0;0;0;0;0;0;0;0;89;46;0;67;0;0;0;0;55;0;0;74;0;82;0;0;0;49;49;80;0;0;76;77;82;0;0;100;0;0;0;35;0;65;87;61;0;27;70;97;0;53;0;55;76;0;25;67;0;0;0;0;0;81;81;49;42;0;0;7;82;0;0;0;0;2.0
Virginia;2012;0;0;0;74;0;0;0;69;13;0;0;0;62;59;0;0;32;100;63;49;70;35;56;81;63;67;0;47;76;43;71;54;58;49;73;21;20;10;0;63;42;72;28;65;80;46;54;50;46;37;38;30;40;37;75;0;89;46;10;31;56;69;65;54;43;72;46;41;54;69;71;65;52;41;46;41;57;63;57;44;61;54;63;44;80;31;70;72;65;39;80;32;50;51;69;49;81;78;34;55;42;28;41;61;47;49;59;37;1.8
Washington;2012;0;0;0;62;0;0;0;75;16;0;0;0;0;46;0;0;100;0;65;41;55;35;48;80;53;57;0;52;67;23;72;58;41;41;67;66;22;39;0;55;23;0;23;61;48;44;46;45;32;47;30;22;39;46;72;13;75;33;28;32;50;59;48;46;40;69;49;56;17;56;64;67;23;39;34;34;53;52;50;28;38;58;55;41;71;30;65;61;50;26;65;45;56;52;65;76;73;57;32;51;23;32;30;65;36;38;0;33;3.1
West Virginia;2012;0;0;0;94;0;0;0;75;11;0;0;0;95;100;0;0;0;0;100;80;99;100;67;84;81;100;0;41;0;52;100;63;0;0;100;0;0;0;0;60;0;0;52;67;63;97;100;80;63;98;59;67;94;57;100;0;81;0;0;56;100;100;87;0;0;94;66;62;0;0;91;100;65;68;78;89;100;53;82;36;100;61;20;0;74;60;86;99;49;100;90;0;54;0;0;100;94;92;87;100;69;42;56;50;0;100;0;36;3.1
Wisconsin;2012;0;0;0;63;0;0;0;75;16;0;0;0;67;49;0;0;0;0;60;47;67;63;58;79;62;64;0;57;0;39;67;56;69;53;72;22;21;66;0;56;38;0;45;68;69;54;58;88;47;37;33;30;40;51;79;0;77;26;47;31;63;67;62;77;0;67;58;57;100;84;64;71;33;39;42;71;55;36;60;74;49;57;70;37;80;39;64;72;52;57;72;49;61;51;63;82;83;80;44;45;32;34;40;48;65;62;0;34;1.8
Wyoming;2012;0;0;0;74;0;0;0;81;8;0;0;0;0;29;0;0;0;0;65;0;47;0;33;46;44;54;0;0;0;0;89;0;0;0;72;0;0;0;0;0;0;0;0;52;60;0;40;0;0;0;0;30;0;0;85;0;71;0;0;0;52;51;45;0;0;51;0;0;0;0;0;0;0;0;62;0;55;0;100;0;0;0;0;0;89;0;62;74;0;0;50;0;0;0;0;0;74;48;100;40;0;0;45;16;0;0;0;0;2.9
Alabama;2013;0;0;0;87;0;0;0;70;8;0;0;0;81;66;0;0;0;0;87;52;94;52;87;78;78;79;0;50;0;100;77;56;96;78;82;0;77;0;0;53;15;0;56;81;100;67;82;62;63;72;43;61;53;54;84;79;83;0;0;69;61;91;85;69;0;86;59;100;86;66;90;59;85;100;96;54;93;57;81;61;51;69;22;93;76;63;98;93;31;64;95;83;58;0;76;52;93;86;89;94;57;45;55;96;0;33;0;32;2.7
Alaska;2013;0;0;0;68;0;0;0;59;14;0;0;0;0;41;0;0;0;0;72;0;51;0;54;61;49;49;0;0;0;0;52;0;0;0;77;0;0;0;0;42;0;0;0;69;34;0;45;0;0;0;0;30;42;0;68;0;61;0;0;0;52;66;49;0;0;76;0;48;0;0;39;0;0;0;0;0;72;35;59;0;0;89;0;0;70;0;80;61;0;0;60;0;0;0;0;0;72;58;53;40;0;0;79;50;0;0;0;0;1.8
Arizona;2013;0;0;0;72;0;0;0;57;6;0;0;0;0;72;0;0;51;0;73;39;63;50;68;72;78;57;0;55;73;58;61;38;80;53;79;45;15;46;0;33;28;0;50;78;63;51;65;53;76;46;55;50;48;35;69;0;84;36;81;47;51;65;54;45;44;76;46;71;40;52;59;54;54;51;56;31;81;41;60;28;77;76;37;68;74;47;79;76;39;75;64;72;48;83;62;54;85;59;62;77;68;38;56;47;82;53;0;35;3.0
Arkansas;2013;0;0;0;86;0;0;0;63;8;0;0;0;95;88;0;0;0;0;81;48;84;75;76;78;85;91;0;60;0;38;100;41;84;64;77;38;0;0;0;64;0;0;85;77;57;47;91;39;65;75;74;53;55;76;74;0;77;0;0;81;65;67;99;76;0;89;84;66;0;100;79;35;13;38;73;62;88;47;93;54;54;69;78;0;80;70;90;83;32;44;76;40;51;0;0;93;92;79;66;89;55;22;54;84;0;31;0;23;2.9
California;2013;31;27;76;63;87;62;83;57;9;100;32;0;46;59;20;56;19;42;60;30;57;28;68;77;59;45;14;33;62;28;55;35;54;49;70;76;17;58;0;35;30;68;33;79;47;0;53;38;48;44;40;41;57;34;58;27;71;40;50;27;39;50;45;36;77;68;68;44;42;45;59;54;45;53;51;21;64;52;49;24;48;53;44;55;64;30;75;62;32;34;65;57;38;63;46;35;77;57;47;70;49;32;47;55;48;33;38;39;2.7
Colorado;2013;0;0;0;61;0;0;0;69;18;0;0;0;39;67;0;0;21;0;64;29;61;35;58;67;47;43;0;35;52;6;57;14;61;43;71;74;15;0;0;37;28;0;36;53;46;46;53;29;39;48;40;45;45;41;71;0;67;31;83;34;47;57;43;23;90;62;55;51;20;41;61;51;43;56;58;30;65;44;0;33;55;59;52;40;71;29;69;69;45;50;66;39;38;72;36;33;78;56;46;68;36;40;30;62;33;47;0;45;2.0
Connecticut;2013;0;0;0;60;0;0;0;62;15;0;0;0;53;68;0;0;17;0;68;41;67;30;71;75;53;46;0;27;0;36;58;47;68;54;77;31;17;0;0;58;47;0;51;70;50;43;76;48;53;67;74;82;60;51;68;0;81;46;31;54;48;55;68;31;100;82;67;70;84;73;80;84;82;64;63;42;74;64;61;29;96;72;77;72;68;49;89;78;50;45;82;100;53;0;59;68;96;75;54;67;56;55;51;55;100;48;0;55;1.9
Delaware;2013;0;0;0;71;0;0;0;63;8;0;0;0;0;63;0;0;0;0;82;21;74;0;73;62;66;63;0;0;0;83;98;0;0;0;70;0;0;0;0;100;0;0;0;100;89;0;83;43;41;30;36;100;60;0;75;0;81;0;0;100;51;73;67;0;0;83;24;53;0;0;100;0;0;0;83;45;100;51;70;0;35;72;0;0;71;100;91;70;35;72;68;0;0;0;0;0;97;100;65;76;0;47;93;53;0;0;0;0;2.3
District of Columbia;2013;0;0;0;59;0;0;0;53;10;0;0;0;49;46;0;0;23;0;63;33;61;44;63;66;0;41;0;54;64;20;55;22;44;63;67;0;0;0;0;44;30;0;31;67;45;41;66;40;59;47;61;40;58;40;67;0;81;60;0;36;37;53;50;100;0;67;53;39;0;0;58;67;66;28;51;29;67;75;51;19;34;62;55;0;77;47;87;64;48;26;71;34;30;0;0;31;85;65;53;69;24;38;37;69;0;60;0;82;2.6
Florida;2013;42;51;95;76;0;100;100;61;12;0;0;41;58;65;0;41;30;64;69;48;75;44;60;75;59;56;26;47;66;54;61;42;55;60;74;37;31;49;0;45;38;62;44;80;60;43;74;49;55;52;42;51;62;29;68;49;74;45;50;37;50;61;60;36;65;75;58;53;52;47;71;60;49;64;68;44;77;50;61;32;71;56;53;58;66;41;82;66;35;55;72;53;43;74;61;39;87;66;55;75;51;41;61;62;59;43;56;35;3.1
Georgia;2013;73;0;69;84;0;0;0;60;9;0;0;0;53;65;0;0;31;55;75;34;80;38;69;67;61;52;22;46;65;28;67;46;64;48;67;50;15;61;0;41;17;0;37;68;58;33;63;39;43;59;56;38;56;48;78;12;78;33;58;30;48;63;60;55;59;72;56;49;30;50;63;56;54;63;79;33;70;48;54;32;44;58;36;48;66;36;77;78;34;43;74;48;35;66;56;36;87;68;52;73;37;30;38;56;46;42;26;29;2.7
Hawaii;2013;0;0;0;55;0;0;0;100;100;0;0;0;53;82;0;0;0;0;77;25;62;18;91;94;55;48;0;0;0;0;43;35;18;46;86;0;0;0;0;40;0;0;50;77;48;17;69;57;80;73;35;57;69;0;60;0;67;0;0;74;34;60;47;0;0;60;90;56;0;0;79;0;27;0;35;50;67;67;45;0;40;47;65;0;58;45;91;69;40;54;69;0;26;0;0;0;82;55;54;57;0;54;49;50;0;38;0;42;2.9
Idaho;2013;0;0;0;62;0;0;0;67;16;0;0;0;63;38;0;0;0;0;71;75;67;44;54;80;55;56;0;0;0;67;57;0;89;52;70;0;0;0;0;36;38;0;50;73;44;0;71;95;49;72;33;67;12;100;71;0;65;33;0;46;46;83;49;0;0;73;37;83;0;0;73;0;0;61;47;78;75;31;78;0;50;83;34;0;90;49;76;83;71;59;79;53;100;0;0;66;72;60;35;90;24;57;56;65;0;47;0;10;1.9
Illinois;2013;29;0;79;67;70;0;0;57;12;0;0;0;51;54;28;100;49;71;65;37;67;36;72;68;56;50;7;42;63;50;60;36;70;48;70;21;22;73;0;38;30;0;40;73;50;54;67;44;56;62;57;47;51;34;71;0;78;47;46;36;45;56;57;30;47;74;55;55;47;50;62;63;36;59;69;31;68;61;57;50;61;63;45;41;70;45;78;75;37;45;77;59;42;71;52;53;86;65;61;74;53;50;48;69;60;48;40;39;2.3
Indiana;2013;0;0;0;73;0;0;0;56;12;0;0;0;72;82;0;0;100;0;77;35;75;56;74;71;66;65;100;73;100;47;61;60;78;59;76;25;28;64;100;70;29;0;50;67;60;65;82;58;100;73;66;70;43;28;83;50;84;55;100;75;59;92;79;82;61;87;64;54;69;83;71;56;50;64;88;37;77;58;71;75;76;83;37;40;82;53;89;92;47;79;91;93;49;84;87;36;89;72;56;75;58;65;73;71;63;58;0;33;2.3
Iowa;2013;0;0;0;67;0;0;0;61;16;0;0;0;69;63;0;0;0;0;66;34;65;75;58;65;58;71;0;54;0;25;51;48;97;49;73;0;0;0;0;41;0;0;79;64;60;55;77;70;24;62;58;65;53;40;75;0;69;0;0;56;48;74;71;37;0;76;58;61;0;0;88;53;40;72;69;52;79;40;64;41;62;54;33;57;65;62;79;82;49;53;98;97;43;0;93;86;85;64;52;75;100;46;57;56;0;20;0;38;2.0
Kansas;2013;0;0;0;72;0;0;0;55;13;0;0;0;56;57;0;0;0;0;71;43;67;22;64;74;53;64;0;60;0;33;55;61;79;46;69;20;0;0;0;29;15;0;54;65;42;41;58;31;78;36;52;56;72;36;75;0;71;0;0;30;52;77;66;59;0;73;68;61;0;41;67;45;73;93;54;33;67;45;62;42;45;65;59;85;72;39;80;78;45;61;77;58;38;0;0;70;88;68;49;69;57;42;42;60;0;39;0;12;2.0
Kentucky;2013;0;0;0;82;0;0;0;75;10;0;0;0;79;100;0;0;0;0;88;35;85;38;71;72;89;77;0;61;0;41;73;46;54;62;82;34;29;0;0;50;13;0;47;84;55;52;86;61;77;47;53;60;76;50;90;0;81;23;34;34;74;100;78;52;0;82;49;76;0;79;82;78;69;49;69;51;87;72;79;100;82;78;39;41;76;51;90;100;72;56;100;66;40;0;27;58;96;80;82;85;67;56;67;86;94;58;0;31;2.5
Louisiana;2013;0;0;0;92;0;0;0;70;15;0;0;0;77;75;0;0;0;0;81;53;77;48;82;80;71;64;0;55;0;64;83;34;35;52;75;31;0;0;0;42;0;0;55;67;67;44;85;53;74;57;58;44;92;25;80;0;89;0;31;43;56;72;71;47;0;84;84;64;68;50;77;68;46;67;96;40;95;42;76;37;80;61;100;86;62;46;82;85;49;46;73;63;50;0;36;45;85;71;84;77;61;42;54;68;0;35;0;13;2.1
Maine;2013;0;0;0;68;0;0;0;61;16;0;0;0;100;67;0;0;0;0;74;32;59;55;45;80;69;62;0;0;0;0;54;44;0;57;82;0;0;0;0;73;0;0;41;66;58;36;86;65;62;100;76;70;85;0;68;0;72;0;0;46;56;86;73;0;0;77;15;65;0;0;74;0;0;61;56;6;88;52;0;0;71;76;46;0;64;49;94;79;100;58;76;0;100;0;0;100;94;75;53;65;72;29;60;72;0;41;0;41;1.9
Maryland;2013;0;0;0;65;0;0;0;57;12;0;0;0;50;64;0;0;21;0;68;33;74;44;71;68;58;53;0;45;81;52;61;45;64;67;75;72;25;31;0;39;42;0;44;85;71;46;75;59;63;66;65;51;62;33;68;0;100;49;36;46;47;64;60;41;59;79;57;59;40;62;78;65;48;59;91;27;83;53;63;35;61;75;46;82;79;62;100;76;35;36;78;94;47;100;63;64;94;78;72;75;75;55;50;55;39;49;0;100;2.1
Massachusetts;2013;0;0;0;59;0;0;0;58;9;0;0;0;60;60;0;0;38;100;65;41;66;35;62;85;58;44;0;40;60;30;58;40;67;61;72;39;9;29;0;43;52;0;43;82;55;66;74;43;53;64;62;73;56;33;69;30;75;45;50;51;43;53;53;54;27;77;61;52;43;42;66;64;52;56;68;35;73;51;60;40;76;68;73;49;65;58;89;78;43;50;77;74;55;72;69;60;95;72;55;64;59;49;39;61;55;39;24;49;2.0
Michigan;2013;100;100;91;69;0;0;0;60;18;0;0;0;67;63;0;0;35;69;79;47;71;54;73;72;58;61;43;55;74;30;68;48;69;58;76;19;28;32;0;43;38;0;47;76;60;63;76;48;88;54;58;55;45;26;78;100;76;42;31;57;56;75;70;63;41;78;85;71;68;66;65;78;58;71;71;40;75;55;61;45;70;69;39;76;75;43;84;78;49;44;82;65;61;78;91;57;88;71;66;78;56;47;49;73;70;43;26;45;2.7
Minnesota;2013;0;0;0;59;0;0;0;63;9;0;0;0;59;56;0;0;28;0;70;41;67;45;69;71;60;51;25;49;0;40;68;29;66;62;73;42;9;0;0;44;19;0;53;73;55;66;68;56;52;47;66;52;57;31;74;0;70;70;50;49;54;73;51;33;0;68;63;63;74;44;66;67;70;66;57;37;74;54;66;42;60;57;56;79;69;69;81;85;43;46;87;80;49;0;71;78;85;66;59;75;59;48;63;79;45;51;0;48;1.8
Mississippi;2013;0;0;0;100;0;0;0;79;14;0;0;0;86;96;0;0;0;0;85;52;93;39;88;79;62;75;0;33;0;50;59;84;78;100;74;0;0;0;0;57;0;0;66;75;68;21;83;56;88;86;58;39;57;0;97;0;78;0;0;45;64;66;82;0;0;92;48;65;32;0;76;0;58;53;93;33;94;61;62;21;72;69;33;0;86;36;79;92;33;87;78;56;47;0;0;59;87;93;70;72;50;28;68;83;0;40;0;18;2.7
Missouri;2013;0;0;0;72;0;0;0;62;9;0;0;0;75;65;0;0;21;0;78;45;71;51;67;68;0;65;0;61;82;41;65;57;66;48;76;28;15;0;0;49;64;0;51;73;53;0;79;50;78;57;53;65;72;42;79;0;78;46;65;55;56;72;69;46;76;79;60;74;71;60;61;63;65;74;82;49;76;64;69;58;68;69;68;66;72;49;71;87;47;53;91;0;40;81;71;51;88;69;58;71;61;39;45;68;81;54;52;28;1.8
Montana;2013;0;0;0;60;0;0;0;98;21;0;0;0;40;59;0;0;0;0;65;0;75;0;61;69;60;51;0;0;0;0;61;0;0;0;75;0;0;0;0;0;63;0;0;74;36;0;58;72;0;61;0;33;100;0;69;0;67;0;0;0;58;50;82;0;0;79;25;84;0;0;69;0;83;34;39;55;62;0;0;0;82;100;56;0;74;30;87;84;35;0;78;0;0;0;0;0;80;60;58;89;0;32;82;75;0;43;0;0;2.2
Nebraska;2013;0;0;0;63;0;0;0;56;16;0;0;0;90;65;0;0;0;0;72;50;59;47;64;63;68;64;0;80;0;85;72;0;79;52;78;0;0;0;0;35;0;0;42;82;43;0;73;57;71;79;78;88;70;0;77;0;71;0;0;55;56;66;65;18;0;81;49;63;0;0;56;100;71;79;69;83;77;82;67;26;93;62;33;99;74;57;84;81;72;52;99;0;72;0;0;72;91;63;59;80;69;89;81;88;0;71;0;50;1.9
Nevada;2013;0;0;0;66;0;0;0;68;5;0;0;0;43;59;0;0;0;0;70;27;69;28;61;72;69;50;0;27;0;14;53;33;57;52;68;64;0;0;0;42;49;49;57;75;52;0;55;41;47;43;23;39;62;39;65;0;77;0;64;42;41;55;50;43;0;69;51;49;0;0;48;39;0;38;58;37;62;71;44;25;43;44;44;33;68;42;82;65;21;34;69;0;34;0;0;56;83;56;28;65;36;53;45;46;0;48;0;39;3.6
New Hampshire;2013;0;0;0;59;0;0;0;63;17;0;0;0;53;67;0;0;0;0;68;28;56;0;47;73;67;63;0;56;0;0;74;0;19;93;77;0;0;0;0;43;0;0;29;84;50;86;61;27;0;40;67;54;96;0;65;0;73;0;0;20;63;57;68;0;0;70;72;32;0;0;57;0;73;0;56;43;66;100;64;0;38;82;81;0;56;49;95;76;70;71;88;0;46;0;0;29;95;69;53;67;21;51;40;55;64;64;0;27;2.4
New Jersey;2013;0;0;0;68;0;0;0;55;8;0;0;0;49;67;0;46;27;0;67;28;78;44;69;78;55;49;0;50;66;26;56;39;63;55;70;41;16;60;0;39;40;0;38;75;55;48;62;42;42;42;49;46;53;30;69;0;84;33;64;34;45;54;49;32;77;73;68;49;13;66;71;76;59;81;74;26;71;44;63;44;64;59;48;44;62;46;91;67;39;43;76;47;48;67;50;39;97;75;45;68;60;45;37;66;49;36;58;44;2.3
New Mexico;2013;0;0;0;73;0;0;0;61;13;0;0;0;65;77;0;0;0;0;66;55;78;48;69;81;89;65;0;62;0;44;59;29;97;99;86;0;0;0;0;64;100;0;18;68;58;0;89;50;54;80;57;48;64;0;72;0;72;0;0;53;47;79;66;0;0;78;78;68;0;0;84;0;0;71;49;34;83;73;79;0;62;76;40;0;100;53;92;76;31;64;65;0;35;0;0;39;86;72;78;74;42;100;78;40;0;41;0;27;2.8
New York;2013;34;65;82;59;87;0;0;52;12;56;54;100;49;54;100;40;36;90;62;36;66;37;66;75;52;43;11;32;57;34;51;36;68;39;67;38;27;51;0;42;29;65;33;73;44;53;61;43;68;55;53;49;58;33;65;25;75;50;63;43;40;43;48;23;73;74;63;43;30;51;65;53;53;70;71;33;65;52;55;42;62;54;46;47;60;41;82;65;30;49;69;57;44;64;72;38;90;66;54;73;55;37;42;52;0;44;42;39;2.0
North Carolina;2013;0;0;84;83;0;0;0;61;11;0;0;0;63;60;0;53;54;92;76;28;78;40;70;70;60;59;0;44;80;44;66;44;71;79;73;18;56;91;0;41;32;73;41;67;55;52;70;50;51;77;57;44;49;46;70;0;76;26;53;43;53;73;70;69;48;80;57;63;52;60;78;50;64;54;100;31;75;56;66;23;58;70;43;58;72;42;85;76;50;38;77;59;58;87;55;63;90;73;52;74;43;44;59;67;0;38;50;58;2.4
North Dakota;2013;0;0;0;58;0;0;0;71;13;0;0;0;0;63;0;0;0;0;77;0;82;0;55;68;58;56;0;0;0;0;74;0;0;0;74;0;0;0;0;0;0;0;100;69;54;0;93;0;0;0;0;35;97;0;74;0;82;0;0;0;52;57;92;0;0;75;45;65;0;0;54;0;100;0;32;22;83;42;100;0;57;44;0;0;66;0;68;86;0;44;94;0;0;0;0;0;83;59;62;78;0;57;100;79;0;31;0;0;2.4
Ohio;2013;0;0;94;73;0;0;0;61;13;0;0;0;82;74;0;0;40;92;78;43;73;53;80;74;71;59;0;55;67;50;71;56;84;59;77;35;20;100;0;51;40;0;51;72;56;61;86;45;66;71;82;67;71;36;80;47;73;49;82;55;61;67;80;53;38;82;73;47;97;48;86;60;70;94;70;54;81;47;73;47;82;68;45;90;79;46;86;85;53;55;85;93;47;88;100;72;90;72;83;78;63;58;59;69;92;61;100;48;2.1
Oklahoma;2013;0;0;0;89;0;0;0;64;11;0;0;0;77;77;0;0;0;0;78;46;86;56;65;76;60;71;0;61;0;37;70;48;49;47;79;36;0;0;0;46;28;0;36;72;39;70;72;49;45;70;44;52;71;47;80;0;76;0;91;52;54;80;74;64;0;75;68;65;0;40;75;79;54;70;65;59;64;60;79;35;68;68;29;50;62;49;76;93;31;64;87;0;42;0;0;56;87;68;48;87;66;35;43;62;0;45;0;30;3.2
Oregon;2013;0;0;0;40;0;0;0;40;17;0;0;0;35;45;0;0;59;0;48;17;49;31;31;63;43;38;0;32;0;50;46;30;46;31;54;35;14;89;0;22;59;0;36;67;42;31;72;33;64;32;49;33;54;17;48;0;47;61;9;34;39;42;38;35;0;75;41;35;38;25;42;40;29;54;28;32;48;32;42;25;32;48;62;31;52;27;53;51;25;32;55;44;37;0;47;40;64;36;27;54;44;36;50;44;44;25;0;24;2.8
Pennsylvania;2013;38;0;100;68;0;0;0;61;12;0;0;0;66;75;0;0;5;79;78;37;77;44;77;73;68;60;14;45;73;35;67;67;70;60;79;29;16;81;0;56;29;100;58;81;61;67;88;54;67;69;76;67;59;31;82;57;80;78;57;47;57;69;66;41;70;83;64;60;47;68;85;83;74;82;72;37;85;61;72;48;80;69;47;58;75;59;97;84;49;57;92;0;61;96;85;43;100;80;72;92;55;47;59;70;75;46;81;47;2.2
Rhode Island;2013;0;0;0;63;0;0;0;68;13;0;0;0;45;54;0;0;0;0;71;78;75;0;67;100;47;57;0;0;0;19;76;0;100;78;70;0;0;0;0;55;0;0;47;66;62;0;71;68;42;51;74;72;41;0;69;0;77;0;0;60;51;81;58;0;0;79;25;46;0;0;77;0;0;0;74;37;98;70;71;80;73;55;52;0;68;69;73;73;72;66;55;0;54;0;0;37;87;72;69;71;82;65;56;78;0;53;0;23;1.9
South Carolina;2013;0;0;0;87;0;0;0;69;14;0;0;0;64;74;0;0;0;0;81;28;75;36;79;73;71;67;0;41;74;43;76;24;40;50;77;54;30;0;0;45;83;0;45;69;59;58;77;68;72;70;60;74;88;53;78;49;79;30;0;39;60;77;82;36;0;82;79;45;100;84;73;51;60;77;96;32;93;56;75;47;67;71;42;100;81;38;90;84;49;72;92;88;35;0;56;44;93;80;63;71;62;24;65;44;59;44;0;85;2.2
South Dakota;2013;0;0;0;68;0;0;0;64;0;0;0;0;0;55;0;0;0;0;66;0;70;0;63;69;85;62;0;0;0;0;91;0;0;0;73;0;0;0;0;64;0;0;0;68;84;0;82;100;78;0;0;97;25;0;77;0;65;0;0;96;66;51;65;0;0;89;94;87;0;0;0;0;0;0;73;47;91;0;81;25;45;69;0;0;84;64;63;96;0;61;79;0;50;0;0;0;91;83;65;89;0;20;89;61;0;54;0;0;2.3
Tennessee;2013;0;0;0;78;0;0;0;67;9;0;0;0;88;96;0;0;59;0;87;50;87;45;100;79;79;71;0;46;78;49;75;65;73;51;88;51;29;35;0;53;16;94;59;80;72;73;100;53;61;59;61;82;75;45;89;0;84;100;51;39;68;85;97;36;67;92;87;96;57;45;78;81;68;81;83;56;92;77;76;37;100;62;52;69;73;42;88;93;71;76;88;0;39;63;63;53;93;75;75;100;40;49;62;76;93;57;58;44;2.1
Texas;2013;24;41;86;78;100;43;0;55;11;78;100;31;53;66;16;62;31;59;67;30;73;34;73;69;64;59;31;44;68;51;58;32;36;50;72;39;15;44;16;40;24;54;41;73;50;37;71;45;52;48;44;45;51;29;64;34;75;31;59;35;44;55;57;49;64;76;58;55;45;44;58;37;48;67;62;34;70;47;57;28;49;55;44;54;67;38;71;71;27;40;68;46;35;69;35;41;80;60;52;64;46;44;51;60;0;36;33;29;3.1
Utah;2013;0;0;0;53;0;0;0;53;8;0;0;0;50;49;0;0;0;0;72;28;58;44;63;74;50;47;0;57;0;34;65;39;26;58;71;100;100;0;0;27;46;0;28;52;45;27;58;51;10;77;44;44;73;0;62;0;65;0;0;33;49;67;32;50;0;70;54;50;0;0;0;45;40;44;37;33;58;37;0;29;80;58;46;23;71;32;67;65;46;61;71;54;26;0;31;49;73;48;46;71;43;30;47;81;0;56;0;20;3.2
Vermont;2013;0;0;0;61;0;0;0;57;9;0;0;0;0;77;0;0;0;0;66;0;61;0;48;59;51;47;0;0;0;0;67;0;0;0;70;0;0;0;0;0;0;0;0;73;41;0;66;0;0;0;0;55;0;0;70;0;70;0;0;0;49;74;72;0;0;86;100;36;0;0;65;0;0;0;76;0;76;39;59;0;41;31;22;0;71;0;88;73;0;56;70;0;0;0;0;0;88;64;69;86;0;0;47;56;0;0;0;0;1.8
Virginia;2013;0;0;0;69;0;0;0;62;14;0;0;0;52;66;0;0;14;94;69;35;75;29;65;81;47;55;0;31;79;20;60;38;59;49;70;30;20;21;0;41;28;96;40;79;63;48;69;48;42;54;37;50;53;48;73;0;81;42;60;33;49;67;62;51;49;72;66;62;59;59;72;62;50;58;67;33;72;78;63;32;51;61;52;83;84;34;75;76;40;37;83;54;39;74;42;36;86;74;52;69;51;40;52;65;73;46;26;49;2.3
Washington;2013;0;0;0;59;0;0;0;64;18;0;0;0;0;55;0;0;0;0;70;27;57;56;51;70;50;50;0;46;74;34;62;44;57;43;72;87;7;46;0;31;46;0;27;68;39;35;53;52;46;58;35;45;52;27;70;27;66;49;47;38;46;63;49;61;33;65;56;52;52;42;58;57;51;44;49;31;61;47;57;34;61;73;46;48;72;36;78;69;42;30;61;54;46;49;52;64;79;53;40;67;41;48;47;61;37;46;0;56;3.3
West Virginia;2013;0;0;0;91;0;0;0;72;9;0;0;0;98;98;0;0;0;0;100;100;100;100;80;94;100;100;0;100;0;77;94;100;0;0;100;0;0;0;0;69;0;0;75;84;69;100;96;50;56;73;100;73;55;52;100;0;78;0;0;52;100;93;100;0;0;100;77;69;0;0;97;42;75;91;45;100;97;59;94;80;82;53;39;0;81;42;84;98;57;100;94;0;41;0;0;38;97;92;80;98;41;54;49;100;0;100;0;46;3.0
Wisconsin;2013;0;0;0;63;0;0;0;62;13;0;0;0;58;53;0;0;0;0;69;49;65;51;66;67;51;57;0;53;0;56;68;39;69;52;72;55;49;38;0;60;17;0;32;66;49;63;67;59;85;50;63;59;61;50;72;0;68;63;44;51;57;78;65;33;0;78;45;69;73;59;76;56;59;67;68;29;72;50;72;69;65;55;38;86;71;50;83;88;51;55;78;74;41;75;93;61;89;67;58;83;37;44;55;71;56;56;0;54;2.2
Wyoming;2013;0;0;0;69;0;0;0;72;0;0;0;0;0;62;0;0;0;0;54;0;62;0;38;55;89;60;0;0;0;0;62;0;0;0;72;0;0;0;0;0;0;0;0;82;72;0;49;0;0;0;70;28;0;0;64;0;65;0;0;0;36;72;82;0;0;66;0;0;0;0;0;0;0;0;42;0;83;0;86;0;0;0;0;0;62;0;72;72;0;0;60;0;0;0;0;0;69;55;100;80;0;0;79;94;0;0;0;0;2.6
Alabama;2014;0;0;0;88;0;0;0;69;13;0;0;0;87;64;0;0;0;0;91;73;93;34;88;89;71;91;0;74;0;59;88;55;48;62;96;48;13;0;0;56;36;0;74;84;93;67;86;54;64;86;50;67;81;53;79;74;89;0;0;45;75;76;91;44;0;99;62;83;60;100;89;44;86;74;81;29;93;64;81;42;41;69;81;74;91;80;79;94;46;55;97;53;78;0;67;91;93;89;69;74;66;28;86;87;0;66;0;40;2.8
Alaska;2014;0;0;0;64;0;0;0;72;34;0;0;0;0;29;0;0;0;0;75;0;71;0;57;68;40;67;0;0;0;0;66;0;0;0;75;0;0;0;0;33;0;0;0;58;32;0;46;0;0;0;0;60;35;0;64;0;63;0;0;0;56;70;52;0;0;67;0;38;0;0;39;0;0;0;0;0;63;64;81;0;0;71;0;0;70;0;45;68;0;0;50;0;0;0;0;0;74;57;55;51;0;0;61;42;0;0;0;0;2.2
Arizona;2014;91;0;0;74;0;0;0;62;10;0;0;0;0;58;0;0;82;0;81;71;72;37;73;78;65;71;0;51;74;75;71;44;67;65;86;100;12;68;0;56;33;0;51;86;71;72;70;72;51;71;63;70;39;37;65;0;86;58;15;68;60;66;56;44;45;88;61;61;55;45;60;43;35;66;49;33;75;57;65;24;60;73;35;63;79;45;74;73;38;56;68;34;52;74;93;61;83;64;59;58;85;55;68;58;56;52;0;47;3.2
Arkansas;2014;0;0;0;100;0;0;0;70;18;0;0;0;97;66;0;0;0;0;84;86;99;43;66;77;58;97;0;39;0;27;86;74;66;94;87;0;0;0;0;58;0;0;78;84;57;49;84;54;95;75;59;74;71;34;79;0;78;0;0;44;72;74;87;95;0;96;71;74;0;85;73;56;35;47;55;25;80;58;100;77;67;48;26;0;82;78;87;100;90;53;83;63;92;0;0;42;85;82;50;77;61;68;60;49;0;52;0;45;2.7
California;2014;71;25;86;61;100;39;79;57;12;28;100;22;57;51;24;66;47;29;62;56;64;27;71;86;55;55;20;36;69;32;58;33;60;48;74;85;28;50;39;44;24;78;42;78;50;0;53;40;41;56;42;53;48;35;55;29;74;51;37;40;41;49;47;37;27;74;68;43;31;44;52;47;39;47;41;20;58;63;49;35;50;51;56;52;68;57;64;57;29;30;63;43;39;60;53;40;76;59;47;54;58;47;55;43;42;38;37;43;2.4
Colorado;2014;0;0;0;59;0;0;0;65;21;0;0;0;56;42;0;0;0;0;66;55;67;26;51;70;52;52;0;40;67;30;60;31;60;54;75;55;18;0;0;43;32;0;30;67;49;35;55;49;45;52;50;43;33;35;66;0;75;42;30;44;51;60;47;34;18;66;48;49;41;44;55;58;48;46;42;24;59;50;0;31;45;52;41;51;72;54;60;72;46;35;62;33;52;68;55;52;74;57;42;61;50;44;42;39;38;47;0;22;2.4
Connecticut;2014;0;0;0;56;0;0;0;53;23;0;0;0;59;51;0;0;52;0;74;44;72;67;70;84;58;59;0;62;0;52;52;75;100;70;82;42;47;0;0;72;21;0;56;98;62;72;70;42;41;100;71;81;37;35;64;0;80;66;57;60;56;68;62;26;68;86;50;70;39;80;64;70;41;57;63;32;74;55;65;83;66;80;100;60;76;93;86;72;60;40;67;54;56;0;71;100;91;80;55;58;100;64;65;48;40;61;0;39;2.3
Delaware;2014;0;0;0;78;0;0;0;57;17;0;0;0;0;69;0;0;0;0;84;18;77;0;70;64;77;53;0;0;0;31;74;0;0;0;85;0;0;0;0;31;0;0;0;85;93;0;63;78;36;85;38;45;32;0;69;0;81;0;0;100;52;49;71;0;0;91;43;63;0;0;100;0;0;0;66;39;82;29;66;0;38;73;0;0;67;14;58;66;46;100;55;0;0;0;0;0;99;100;57;60;0;58;75;33;0;0;0;0;3.2
District of Columbia;2014;0;0;0;63;0;0;0;58;15;0;0;0;54;42;0;0;55;0;64;70;69;25;65;70;0;44;0;32;52;14;61;54;44;47;68;0;0;0;0;42;33;0;40;73;47;44;55;44;51;56;63;61;67;25;65;0;90;8;0;44;44;43;44;27;0;72;66;48;0;0;54;40;30;53;54;22;65;71;51;34;59;52;39;0;71;58;58;68;25;41;64;43;54;0;0;59;80;71;37;59;57;38;53;51;0;36;0;100;2.3
Florida;2014;0;100;100;77;0;42;100;60;17;0;0;0;76;57;0;69;37;46;79;71;80;36;70;81;62;67;53;45;73;56;64;39;55;63;84;90;49;100;0;41;20;76;53;88;71;72;69;55;53;61;50;62;69;46;69;40;86;58;20;56;59;60;62;46;42;83;56;57;35;53;63;46;35;61;58;29;75;58;67;47;60;62;45;55;75;60;78;65;35;41;68;50;56;78;48;52;87;72;56;57;78;48;67;43;60;52;100;45;3.4
Georgia;2014;74;0;97;79;0;0;0;67;11;0;0;0;66;45;0;0;22;48;80;50;85;14;79;83;54;64;34;51;73;37;73;40;56;60;77;67;30;74;0;41;12;0;41;75;59;54;56;39;42;60;43;39;60;41;73;56;80;42;74;48;53;67;76;47;24;79;46;59;34;53;61;53;39;43;57;15;68;38;61;28;47;59;38;43;76;38;70;68;37;20;71;37;47;60;37;46;87;73;42;58;48;38;45;42;67;45;49;27;2.9
Hawaii;2014;0;0;0;65;0;0;0;100;100;0;0;0;63;46;0;0;0;0;79;55;62;22;92;84;61;54;0;0;0;0;63;37;68;55;77;0;0;0;0;43;39;0;34;81;55;70;56;33;76;26;22;76;31;0;62;0;80;0;0;77;42;36;49;0;0;66;100;60;0;0;68;0;100;0;27;22;54;68;48;0;51;55;46;0;70;43;60;66;22;42;58;0;33;0;0;0;81;63;61;42;0;52;58;75;0;57;0;39;3.9
Idaho;2014;0;0;0;68;0;0;0;64;11;0;0;0;63;47;0;0;0;0;86;75;72;34;56;79;54;71;0;0;0;19;65;0;60;67;80;0;100;0;0;37;0;0;35;66;57;0;63;88;22;92;23;78;10;77;71;0;68;21;0;34;61;68;74;0;0;84;72;46;0;0;55;0;0;40;56;34;79;53;90;0;57;100;36;0;84;41;58;76;14;72;61;47;38;0;0;91;74;53;64;68;36;70;76;20;0;60;0;20;2.3
Illinois;2014;100;0;65;64;96;0;0;56;19;0;0;0;68;46;100;45;54;60;71;72;73;31;72;75;59;60;69;50;72;33;63;50;63;47;77;73;38;24;0;39;41;0;41;75;55;57;63;51;48;64;50;56;58;51;69;0;80;58;26;48;52;62;60;30;24;78;48;57;49;44;65;52;53;51;49;22;64;57;66;45;45;63;53;58;70;53;74;75;45;45;76;43;50;58;44;65;85;72;59;68;57;49;53;48;62;43;26;45;2.5
Indiana;2014;0;0;0;71;0;0;0;59;15;0;0;0;71;57;0;0;100;0;82;80;83;34;82;89;69;82;0;50;81;70;76;61;53;74;84;33;36;59;0;51;24;0;55;75;65;67;76;62;70;71;86;72;73;64;76;100;87;85;66;70;72;77;76;15;66;89;82;69;91;65;72;43;68;61;80;35;79;59;69;67;82;68;48;75;75;78;68;77;77;52;81;59;60;92;45;61;89;75;62;71;55;75;69;60;48;64;0;41;2.5
Iowa;2014;0;0;0;67;0;0;0;59;24;0;0;0;88;32;0;0;0;0;75;100;63;33;56;64;55;77;0;79;0;45;70;34;75;62;74;60;16;0;0;76;0;0;61;71;61;81;73;76;42;40;45;87;43;50;72;0;72;0;0;55;69;59;56;82;0;82;51;58;0;0;68;62;65;96;65;21;75;43;64;72;60;92;53;31;83;74;75;89;48;47;81;100;65;0;100;73;87;71;54;66;53;63;44;76;0;75;0;61;2.5
Kansas;2014;0;0;0;71;0;0;0;59;13;0;0;0;72;42;0;0;0;0;75;47;73;20;64;81;59;66;0;52;0;38;71;66;42;37;72;21;0;0;0;50;11;0;35;72;47;58;56;57;48;52;35;51;53;37;72;0;76;0;0;33;54;62;64;51;0;73;31;54;0;48;56;58;33;50;48;22;53;73;63;45;59;63;61;90;65;40;61;69;46;37;76;29;36;0;0;31;82;63;60;59;41;48;60;50;0;54;0;52;2.5
Kentucky;2014;0;0;0;88;0;0;0;72;22;0;0;0;93;66;0;0;0;0;94;70;85;41;81;86;74;84;0;49;0;80;84;38;60;61;93;56;0;0;0;58;47;0;55;83;54;60;76;55;57;44;95;63;56;52;92;0;85;58;50;72;79;77;91;29;0;87;42;78;0;71;79;76;29;37;52;30;69;57;84;36;82;69;63;100;79;97;91;88;41;48;91;72;44;0;42;74;96;76;68;74;74;43;51;67;100;68;0;22;3.2
Louisiana;2014;0;0;0;90;0;0;0;75;13;0;0;0;91;56;0;0;0;0;86;89;85;36;84;82;73;77;0;59;0;86;67;72;35;58;84;20;0;0;0;46;0;0;66;67;71;66;75;56;82;40;23;64;58;36;83;0;90;0;54;60;59;65;72;43;0;89;47;76;50;73;57;56;47;75;72;35;71;55;67;39;61;58;71;82;82;69;82;78;48;38;68;44;53;0;45;53;86;78;55;71;71;69;58;54;0;66;0;41;2.8
Maine;2014;0;0;0;68;0;0;0;76;39;0;0;0;71;58;0;0;0;0;85;66;75;96;54;71;69;74;0;0;0;0;80;47;0;60;84;0;0;0;0;89;0;0;59;85;68;81;76;29;67;42;35;65;100;0;71;0;71;0;0;71;75;72;87;0;0;92;13;48;0;0;66;0;0;100;38;16;76;55;0;0;71;93;37;0;87;94;71;81;100;50;78;0;100;0;0;82;95;79;82;65;25;48;51;45;0;74;0;63;2.0
Maryland;2014;0;0;0;66;0;0;0;63;21;0;0;0;68;53;0;0;79;0;75;92;79;39;77;74;62;64;0;59;75;55;66;71;74;76;85;52;7;94;0;56;32;0;40;87;74;64;72;54;48;74;68;64;66;40;66;0;100;67;17;48;59;64;52;67;31;84;54;71;32;49;70;98;69;69;83;27;83;64;73;37;65;62;41;73;81;80;100;67;46;46;77;58;56;91;72;41;91;89;64;72;51;39;60;45;55;35;0;83;2.8
Massachusetts;2014;0;0;0;51;0;0;0;59;20;0;0;0;57;54;0;0;38;68;70;60;71;23;67;88;58;50;0;61;64;38;57;53;92;50;81;63;4;67;0;61;35;0;44;84;61;77;72;56;41;81;71;71;59;40;66;72;75;57;32;53;49;50;54;43;44;79;55;61;44;53;68;71;57;51;52;32;69;64;69;44;48;65;51;64;68;81;77;71;56;44;78;57;54;52;74;74;94;77;62;62;83;62;48;50;42;50;21;56;2.9
Michigan;2014;64;98;72;65;0;0;0;64;18;0;0;0;69;47;0;0;48;67;76;75;73;45;70;75;65;69;100;61;69;48;76;59;53;49;79;31;30;66;0;54;35;0;55;76;59;80;68;58;71;73;81;76;56;31;82;60;83;65;21;50;63;55;68;46;63;82;60;65;53;52;65;58;52;76;48;37;74;73;66;56;66;74;43;52;79;72;75;83;47;57;70;44;59;65;56;53;87;73;54;72;53;54;61;57;59;53;42;39;3.0
Minnesota;2014;0;0;0;60;0;0;0;63;15;0;0;0;70;45;0;0;14;0;73;48;69;34;68;75;59;58;33;48;0;72;73;38;55;55;73;59;19;0;0;52;29;0;55;77;70;67;66;56;63;69;57;62;47;42;69;0;72;57;47;62;58;70;59;36;0;74;59;63;22;46;54;67;65;54;38;30;72;53;65;33;54;63;67;72;77;55;69;84;43;40;78;44;59;0;46;79;82;66;53;66;60;68;65;46;50;55;0;45;2.0
Mississippi;2014;0;0;0;88;0;0;0;76;6;0;0;0;91;70;0;0;0;0;90;64;93;22;88;83;74;94;0;100;0;61;79;91;90;78;87;0;0;0;0;53;0;0;56;71;81;56;81;52;100;74;30;69;77;0;94;0;87;0;0;46;74;90;84;0;0;100;64;67;100;0;69;0;63;54;100;58;93;47;73;44;53;52;32;0;81;82;86;92;63;44;89;57;71;0;0;23;87;84;53;67;63;54;85;89;0;29;0;61;2.7
Missouri;2014;0;0;0;74;0;0;0;61;14;0;0;0;88;52;0;0;46;0;81;81;81;43;78;73;0;77;0;60;90;42;82;53;80;56;80;87;14;0;0;40;37;0;58;78;65;0;76;73;73;80;61;76;45;41;77;0;82;81;100;62;72;88;72;49;100;82;58;62;54;60;71;55;54;80;71;35;74;52;75;49;60;76;76;63;90;54;76;86;61;56;80;0;58;70;69;77;94;70;59;73;44;55;66;58;56;46;33;31;2.2
Montana;2014;0;0;0;63;0;0;0;74;21;0;0;0;50;37;0;0;0;0;73;0;66;0;53;65;44;67;0;0;0;0;92;0;0;0;79;0;0;0;0;0;100;0;0;58;35;0;60;54;0;68;0;70;80;0;66;0;64;0;0;0;87;100;93;0;0;68;32;49;0;0;47;0;20;54;24;25;58;15;0;0;48;93;40;0;89;96;75;85;92;0;71;0;0;0;0;0;76;56;32;68;0;38;56;50;0;64;0;0;2.3
Nebraska;2014;0;0;0;62;0;0;0;49;23;0;0;0;70;49;0;0;0;0;73;80;62;51;56;77;60;70;0;72;0;37;64;100;71;52;81;0;0;0;0;82;0;0;51;72;48;0;70;43;22;96;46;76;71;0;76;0;70;0;0;58;61;75;68;100;0;81;48;74;0;0;59;74;96;87;39;39;79;59;67;53;42;44;56;31;70;78;79;86;47;52;87;0;56;0;0;69;89;64;48;73;32;47;69;49;0;81;0;41;2.0
Nevada;2014;0;0;0;64;0;0;0;65;8;0;0;0;57;47;0;0;0;0;74;59;70;26;65;69;60;62;0;39;0;29;71;36;59;57;83;96;0;0;0;36;0;47;49;82;54;0;59;51;38;48;36;58;46;40;64;0;81;0;97;54;49;48;50;22;0;80;46;50;0;0;51;60;0;77;46;17;61;88;61;36;45;54;24;36;80;66;57;63;22;47;65;0;31;0;0;45;78;56;45;57;66;46;46;42;0;33;0;28;3.0
New Hampshire;2014;0;0;0;54;0;0;0;61;20;0;0;0;83;58;0;0;0;0;70;59;60;0;37;85;57;65;0;57;0;0;67;0;84;46;75;0;0;0;0;79;56;0;53;73;51;28;58;68;0;57;10;71;71;0;64;0;74;0;0;48;56;72;86;0;0;72;66;62;0;0;71;0;66;0;44;18;63;41;72;0;42;75;88;0;79;92;81;81;58;55;69;0;54;0;0;63;88;81;42;52;66;32;35;68;45;61;0;28;1.8
New Jersey;2014;0;0;0;63;0;0;0;56;16;0;0;0;59;56;0;56;38;0;69;66;85;18;69;80;45;58;0;46;79;44;60;46;63;61;78;54;42;28;0;47;19;0;41;75;65;60;65;49;56;54;50;52;37;38;65;0;84;69;21;44;47;46;56;16;31;77;63;41;29;52;65;74;58;54;59;25;64;60;71;33;46;63;35;47;67;69;76;59;35;40;76;46;54;52;30;54;91;81;44;56;63;41;63;56;46;41;51;56;2.2
New Mexico;2014;0;0;0;80;0;0;0;73;14;0;0;0;43;69;0;0;0;0;77;39;89;54;66;76;100;69;0;73;0;68;67;73;83;82;89;0;0;0;0;45;27;0;45;85;58;0;71;30;59;93;62;74;62;0;68;0;76;0;0;86;60;77;71;0;0;84;59;85;0;0;60;0;0;67;45;24;75;73;75;0;89;87;33;0;88;61;79;73;37;71;79;0;42;0;0;42;82;75;87;51;33;64;77;46;0;61;0;28;3.0
New York;2014;78;39;90;60;98;0;0;54;14;100;63;34;58;47;37;68;67;47;66;61;75;27;70;78;50;51;46;38;63;35;51;40;50;49;73;43;28;43;0;43;27;64;42;82;46;63;63;42;52;76;52;56;43;36;63;92;81;49;33;44;45;46;46;29;51;76;56;47;37;42;57;52;49;58;50;24;61;52;65;44;56;65;43;48;68;62;76;61;41;38;71;52;50;62;39;57;83;76;55;62;56;44;52;41;0;50;44;45;1.9
North Carolina;2014;0;0;78;72;0;0;0;63;15;0;0;0;82;46;0;100;47;100;81;48;78;35;70;77;63;71;0;47;76;31;68;35;44;77;80;39;34;19;0;56;23;92;48;70;62;62;65;48;60;47;48;51;64;43;69;0;80;48;42;57;58;70;65;38;31;84;51;52;48;65;66;53;46;46;86;28;68;51;70;30;45;62;61;55;81;72;72;72;55;32;74;59;53;70;52;55;88;77;52;62;40;43;53;46;0;44;41;39;2.4
North Dakota;2014;0;0;0;72;0;0;0;65;17;0;0;0;0;28;0;0;0;0;79;0;53;0;65;65;43;71;0;0;0;0;91;0;0;0;67;0;0;0;0;0;0;0;43;74;60;0;80;0;0;0;0;100;58;0;78;0;82;0;0;0;72;68;68;0;0;68;51;58;0;0;66;0;95;0;58;38;77;53;74;0;45;58;0;0;71;0;72;93;0;83;90;0;0;0;0;0;85;61;30;71;0;23;37;59;0;87;0;0;2.1
Ohio;2014;0;0;74;70;0;0;0;59;15;0;0;0;88;49;0;0;85;77;85;96;75;44;83;75;72;78;0;55;84;66;81;68;77;67;87;46;30;9;0;58;41;0;54;75;59;82;74;67;67;61;73;82;55;50;78;59;81;56;31;56;70;79;83;45;31;82;79;70;14;59;70;79;47;74;56;34;75;48;77;45;69;72;51;63;83;84;79;76;64;47;83;47;57;56;81;61;90;77;77;67;51;72;73;61;58;59;72;47;2.6
Oklahoma;2014;0;0;0;88;0;0;0;70;22;0;0;0;80;58;0;0;0;0;84;61;100;51;67;80;63;82;0;48;0;75;76;38;41;51;85;0;0;0;0;41;41;0;60;86;50;63;70;47;58;65;100;57;39;50;79;0;85;0;28;67;67;76;67;69;0;84;46;56;0;49;59;51;65;55;49;60;72;72;74;31;52;69;80;63;88;56;70;86;44;34;74;0;49;0;0;65;86;70;53;77;60;35;54;53;0;52;0;59;2.4
Oregon;2014;0;0;0;36;0;0;0;40;20;0;0;0;44;32;0;0;51;0;45;46;44;19;35;57;34;38;0;40;0;41;43;19;52;33;52;41;17;63;0;27;15;0;28;47;33;40;46;31;31;31;31;42;30;28;41;0;46;39;0;28;31;38;39;35;0;65;35;33;32;23;39;40;30;28;18;21;39;37;40;25;29;53;35;34;48;44;39;43;20;33;41;35;35;0;58;35;53;34;29;37;39;30;39;29;36;35;0;28;3.1
Pennsylvania;2014;72;0;89;70;0;0;0;63;12;0;0;0;88;57;0;0;80;63;82;89;81;40;82;70;59;66;50;56;73;49;69;51;60;65;82;95;26;86;0;49;29;90;62;90;59;94;77;63;64;72;73;83;61;47;78;54;84;100;48;68;63;70;67;40;62;85;55;63;48;63;77;76;48;65;55;34;79;44;75;62;64;66;42;62;75;82;87;79;55;49;82;0;59;85;86;57;96;80;67;79;81;59;65;56;97;58;55;56;2.4
Rhode Island;2014;0;0;0;64;0;0;0;56;26;0;0;0;77;65;0;0;0;0;69;48;70;0;62;100;53;66;0;0;0;21;65;0;51;100;78;0;0;0;0;48;0;0;44;73;100;0;81;62;60;91;64;70;54;0;60;0;86;0;0;68;58;65;86;0;0;86;36;76;0;0;75;0;0;0;60;43;57;100;76;59;57;60;27;0;68;74;69;65;69;53;80;0;61;0;0;13;86;77;73;51;40;26;38;37;0;80;0;45;2.3
South Carolina;2014;0;0;0;77;0;0;0;73;11;0;0;0;75;49;0;0;0;0;91;55;81;44;83;73;67;80;0;40;100;72;68;51;34;62;82;19;43;0;0;57;10;0;58;64;63;65;62;63;76;49;55;59;62;35;73;60;84;27;0;69;64;66;81;42;0;87;61;62;24;63;59;51;38;73;69;45;76;60;65;30;61;68;50;70;85;58;79;72;59;40;88;35;61;0;33;66;87;77;64;65;58;48;62;53;37;53;0;16;2.5
South Dakota;2014;0;0;0;59;0;0;0;72;0;0;0;0;0;52;0;0;0;0;84;0;86;0;96;83;71;85;0;0;0;0;62;0;0;0;82;0;0;0;0;100;0;0;0;88;63;0;100;57;87;0;0;98;59;0;72;0;68;0;0;52;53;52;100;0;0;92;79;51;0;0;0;0;0;0;51;100;71;90;95;80;70;89;0;0;70;100;77;91;0;36;78;0;43;0;0;0;95;95;62;81;0;70;100;67;0;100;0;0;1.9
Tennessee;2014;0;0;0;83;0;0;0;70;17;0;0;0;100;65;0;0;32;0;91;87;96;48;100;89;81;83;0;52;78;81;80;67;39;57;91;13;7;48;0;58;39;100;72;86;76;100;95;59;73;71;52;89;82;46;83;0;85;59;71;68;74;82;85;69;75;91;81;100;41;40;75;72;57;55;50;33;85;67;81;69;80;73;68;88;88;72;77;90;51;74;94;0;65;100;81;77;92;79;100;100;94;50;62;63;78;75;53;29;2.9
Texas;2014;54;76;98;80;52;100;0;56;15;33;93;100;62;54;0;47;29;40;72;56;77;28;73;76;65;67;38;41;71;49;62;43;67;53;76;48;31;36;100;41;19;84;47;77;58;49;63;51;52;61;49;53;55;45;65;25;80;55;54;46;50;51;57;45;32;83;45;58;31;44;59;40;37;50;48;26;61;58;59;35;49;60;49;50;70;46;62;63;26;41;71;38;43;53;42;57;78;64;48;54;47;46;70;45;0;41;39;29;2.9
Utah;2014;0;0;0;50;0;0;0;54;13;0;0;0;58;40;0;0;0;0;77;45;58;31;60;72;42;58;0;29;0;69;71;47;28;45;68;56;93;0;0;54;56;0;41;58;58;45;50;67;45;71;43;46;80;0;59;0;70;0;0;48;59;69;69;26;0;69;33;51;0;0;0;71;50;23;35;32;64;37;0;18;72;70;33;87;83;54;67;75;41;22;61;51;35;0;31;53;71;52;41;65;55;75;64;48;0;85;0;57;2.8
Vermont;2014;0;0;0;54;0;0;0;61;16;0;0;0;0;43;0;0;0;0;76;0;48;0;39;70;70;50;0;0;0;0;68;0;0;0;89;0;0;0;0;0;0;0;0;98;70;0;64;0;0;0;0;64;0;0;67;0;75;0;0;0;65;53;84;0;0;83;50;74;0;0;55;0;0;0;45;0;72;34;66;0;100;94;93;0;60;0;83;82;0;58;80;0;0;0;0;0;83;73;51;88;0;0;51;52;0;0;0;0;2.5
Virginia;2014;0;0;0;52;0;0;0;47;11;0;0;0;45;37;0;0;31;43;59;46;60;27;54;77;41;50;0;35;59;31;57;34;49;37;61;55;14;61;0;25;20;51;39;60;43;36;49;29;42;56;33;38;33;26;57;0;68;24;7;34;39;47;43;26;24;65;40;37;19;46;45;46;25;51;46;18;54;47;44;34;49;46;41;33;58;40;53;53;37;18;61;28;40;48;34;43;67;55;39;48;38;36;55;31;32;44;27;45;2.4
Washington;2014;0;0;0;61;0;0;0;63;17;0;0;0;0;43;0;0;44;0;73;55;60;32;58;78;51;58;0;49;71;50;65;24;47;43;76;81;25;55;0;42;40;0;31;73;43;53;49;47;38;45;52;53;43;37;64;28;72;59;24;50;56;59;56;52;43;72;46;43;6;39;55;60;69;41;41;18;60;54;54;33;42;69;44;46;75;60;69;72;34;36;67;50;53;64;55;70;77;61;39;54;64;60;50;40;43;41;0;35;2.6
West Virginia;2014;0;0;0;79;0;0;0;85;21;0;0;0;85;100;0;0;0;0;100;46;98;100;83;93;69;100;0;77;0;100;100;49;0;0;100;0;0;0;0;93;0;0;100;100;71;97;95;100;69;66;49;81;31;100;100;0;79;0;0;65;100;90;83;0;0;94;49;92;0;0;78;100;52;70;56;33;100;19;94;100;62;90;26;0;100;90;80;94;66;39;100;0;99;0;0;99;100;88;53;86;52;100;90;100;0;47;0;22;3.2
Wisconsin;2014;0;0;0;60;0;0;0;56;12;0;0;0;71;44;0;0;0;0;69;86;68;34;71;68;57;64;0;63;0;32;62;66;88;64;78;78;43;32;0;59;26;0;36;73;64;86;64;68;67;46;98;62;46;57;71;0;71;72;35;61;63;81;72;36;0;78;35;59;65;47;62;75;51;59;53;37;68;53;63;57;65;70;90;60;81;88;65;85;67;40;72;62;54;55;80;96;86;72;58;61;82;55;70;54;84;60;0;48;2.0
Wyoming;2014;0;0;0;70;0;0;0;83;20;0;0;0;0;61;0;0;0;0;75;0;95;0;43;72;46;57;0;0;0;0;81;0;0;0;78;0;0;0;0;0;0;0;0;52;38;0;44;0;0;0;36;66;0;0;76;0;65;0;0;0;70;91;75;0;0;69;0;0;0;0;0;0;0;0;73;0;68;0;89;0;0;0;0;0;96;0;93;73;0;0;64;0;0;0;0;0;71;73;71;40;0;0;48;84;0;0;0;0;2.7
Alabama;2015;0;0;0;96;0;0;0;71;16;0;0;0;81;80;0;0;0;0;88;49;90;32;81;87;100;80;0;56;0;61;85;83;100;87;80;32;0;0;0;56;41;0;76;70;100;59;91;65;82;41;77;55;65;23;80;49;96;0;0;79;72;88;93;83;0;89;75;63;18;71;90;46;48;99;63;65;100;93;87;27;65;74;60;69;91;51;90;90;62;56;96;90;60;0;86;74;93;91;63;74;54;48;75;49;0;35;0;32;2.6
Alaska;2015;0;0;0;79;0;0;0;75;13;0;0;0;0;54;0;0;0;0;69;0;76;0;45;99;88;46;0;0;0;0;88;0;0;0;76;0;0;0;0;10;0;0;0;47;43;0;48;0;0;0;0;39;14;0;66;0;70;0;0;0;46;53;35;0;0;73;0;40;0;0;51;0;0;0;0;0;75;100;61;0;0;46;0;0;83;0;61;69;0;0;64;0;0;0;0;0;68;61;30;55;0;0;51;51;0;0;0;0;2.1
Arizona;2015;0;0;0;73;0;0;0;64;12;0;0;0;0;78;0;0;81;0;78;50;83;42;60;82;71;65;0;36;75;47;69;53;74;83;75;54;25;58;0;39;29;0;54;68;71;63;81;63;55;50;65;53;53;43;69;0;99;63;69;82;62;62;63;41;16;72;87;79;39;54;59;44;25;56;44;78;77;65;74;21;77;63;42;65;71;47;72;75;24;60;69;64;49;83;42;53;87;63;56;65;59;59;64;48;56;40;0;36;3.4
Arkansas;2015;0;0;0;88;0;0;0;74;10;0;0;0;66;78;0;0;0;0;80;54;100;45;66;100;92;80;0;48;0;89;86;77;59;89;78;0;0;0;0;83;0;0;89;61;64;41;84;66;67;34;42;41;73;50;78;0;84;0;0;52;70;69;100;58;0;81;51;78;0;69;80;100;12;46;67;65;71;39;79;53;60;80;30;0;63;35;80;82;50;55;85;80;55;0;0;42;86;68;61;86;56;42;58;48;0;42;0;29;2.9
California;2015;29;58;56;62;100;38;75;59;14;66;88;69;44;57;35;59;56;41;58;30;71;26;68;81;64;49;26;31;71;29;60;50;58;62;69;64;20;49;25;34;22;86;52;67;53;0;58;39;52;37;49;43;44;34;57;46;80;40;33;38;42;41;53;37;35;67;70;57;37;47;56;36;27;35;40;48;60;65;52;31;48;50;41;54;70;45;67;58;24;39;71;50;40;65;33;29;77;57;48;62;41;39;48;44;58;29;47;38;2.3
Colorado;2015;0;0;0;61;0;0;0;69;28;0;0;0;50;57;0;0;27;0;65;43;73;31;62;80;65;49;0;39;68;42;59;61;31;47;73;15;11;0;0;39;13;0;58;51;53;47;65;53;35;53;42;49;37;38;64;0;78;46;79;39;50;51;49;81;45;65;59;57;36;52;67;38;24;36;40;35;63;57;0;62;51;63;36;33;74;35;61;64;28;34;71;57;44;44;54;36;78;61;66;66;48;43;43;46;49;43;0;39;2.4
Connecticut;2015;0;0;0;65;0;0;0;64;19;0;0;0;61;65;0;0;24;0;73;36;83;46;68;86;83;58;0;38;0;44;68;85;57;82;78;43;52;0;0;34;37;0;57;79;63;76;80;56;51;100;53;57;46;70;65;0;91;49;49;71;53;59;60;21;50;81;83;71;33;69;71;47;43;61;54;49;83;83;76;54;69;83;75;92;80;70;85;75;50;59;75;97;53;0;100;64;96;83;69;66;75;78;55;43;97;34;0;36;1.7
Delaware;2015;0;0;0;71;0;0;0;60;13;0;0;0;0;67;0;0;0;0;79;87;87;0;76;72;83;53;0;0;0;100;71;0;0;0;74;0;0;0;0;57;0;0;0;100;77;0;74;33;0;57;30;30;56;0;79;0;83;0;0;44;48;50;68;0;0;71;52;86;0;0;56;0;0;0;51;60;78;66;58;0;76;78;0;0;96;44;84;65;37;38;77;0;0;0;0;0;91;85;60;77;0;72;34;70;0;0;0;0;3.2
District of Columbia;2015;0;0;0;76;0;0;0;68;17;0;0;0;46;50;0;0;30;0;64;27;86;31;65;74;0;47;0;20;63;34;63;52;45;53;74;0;0;0;0;36;15;0;51;64;46;48;56;59;46;56;47;39;44;37;72;0;88;34;0;56;45;35;55;39;0;64;46;47;0;0;64;29;27;45;36;52;61;69;58;33;50;60;13;0;71;53;67;65;29;23;65;69;37;0;0;41;84;68;47;55;46;31;47;52;0;43;0;28;2.7
Florida;2015;67;71;81;81;0;100;100;66;18;0;0;0;60;70;0;72;42;34;72;47;84;42;65;83;73;62;38;44;72;43;72;89;46;72;75;24;22;54;0;45;23;77;68;74;71;58;80;55;66;50;46;52;57;50;69;61;85;35;25;55;58;50;71;49;45;80;69;56;47;56;64;41;23;52;44;62;80;67;73;31;64;64;41;64;76;55;78;60;28;65;72;53;49;91;47;45;91;72;60;62;56;53;68;51;88;34;68;37;2.7
Georgia;2015;76;0;54;91;0;0;0;68;16;0;0;0;52;53;0;0;50;51;74;31;89;31;71;88;69;64;23;46;81;35;73;58;59;82;72;22;27;31;0;40;9;0;65;72;60;39;62;40;55;41;44;39;36;45;75;68;84;50;100;40;54;61;77;55;9;68;53;52;64;43;67;35;34;36;42;65;67;60;63;28;40;60;47;62;73;31;69;66;28;47;76;45;36;83;26;38;84;75;42;64;42;40;51;52;54;38;51;33;2.9
Hawaii;2015;0;0;0;65;0;0;0;100;100;0;0;0;50;59;0;0;0;0;71;21;66;14;88;86;45;47;0;0;0;0;63;41;47;72;75;0;0;0;0;28;47;0;63;74;47;48;67;31;27;6;26;67;54;0;62;0;78;0;0;69;50;42;53;0;0;63;55;56;0;0;65;0;13;0;33;19;68;83;59;0;40;57;16;0;71;41;65;66;16;54;84;0;29;0;0;0;77;64;48;59;0;45;35;70;0;35;0;44;2.9
Idaho;2015;0;0;0;67;0;0;0;80;18;0;0;0;59;46;0;0;0;0;74;59;75;42;53;71;50;56;0;0;0;78;74;0;78;77;72;0;100;0;0;60;29;0;65;49;51;0;59;60;66;52;71;34;22;100;65;0;73;100;0;31;63;59;70;0;0;83;27;78;0;0;61;0;0;37;32;61;63;43;100;0;70;69;59;0;95;52;67;71;47;27;62;87;51;0;0;49;75;53;76;66;11;47;71;33;0;55;0;15;1.7
Illinois;2015;42;0;52;71;92;0;0;61;19;0;0;0;45;56;100;42;52;39;64;39;77;39;73;75;63;54;47;35;74;33;69;51;44;62;71;39;18;42;0;36;37;0;65;70;56;50;65;41;49;56;45;47;42;48;68;0;84;51;10;47;50;50;61;36;32;70;61;58;35;45;62;51;35;39;46;53;63;50;70;44;49;66;51;62;70;43;64;67;27;45;79;62;50;63;33;46;82;67;53;67;38;41;48;42;56;37;42;34;2.5
Indiana;2015;0;0;0;74;0;0;0;63;16;0;0;0;71;56;0;0;55;0;77;63;90;40;74;82;87;76;100;60;71;54;79;72;18;88;73;21;55;92;100;57;19;0;80;63;77;69;77;78;52;54;62;62;51;60;74;66;90;58;37;61;66;69;74;24;100;87;55;74;100;95;65;58;30;48;86;82;71;76;70;70;55;61;62;70;73;40;72;77;43;38;83;67;51;71;42;39;87;73;61;72;37;59;65;49;47;47;0;22;2.6
Iowa;2015;0;0;0;73;0;0;0;61;19;0;0;0;50;43;0;0;0;0;70;47;75;40;51;74;74;63;0;73;0;41;65;73;82;59;69;35;0;0;0;26;0;0;71;67;63;72;67;67;80;31;49;63;46;48;66;0;76;0;0;60;60;49;81;93;0;80;56;86;0;0;67;31;62;64;55;60;68;85;71;49;44;66;41;62;77;54;78;80;62;77;95;100;51;0;27;58;87;70;64;78;33;44;60;36;0;39;0;36;1.7
Kansas;2015;0;0;0;60;0;0;0;47;17;0;0;0;39;39;0;0;0;0;56;37;65;34;45;76;46;49;0;34;0;23;55;73;26;66;63;30;0;0;0;29;13;0;50;51;58;30;63;53;63;46;49;48;49;70;57;0;67;0;0;51;44;48;54;22;0;65;51;62;0;60;48;56;10;41;41;44;63;53;59;67;37;49;100;32;58;36;53;60;36;68;66;38;41;0;0;37;68;54;26;62;65;54;58;39;0;28;0;44;2.8
Kentucky;2015;0;0;0;96;0;0;0;77;17;0;0;0;79;82;0;0;0;0;90;21;90;51;70;90;91;79;0;47;0;37;85;67;41;67;86;36;35;0;0;48;21;0;93;65;62;85;90;55;51;68;50;61;49;59;83;0;88;59;41;65;82;76;90;54;0;81;48;93;0;94;85;42;34;35;60;68;79;55;84;33;55;73;39;31;90;51;82;90;47;64;100;78;51;0;65;56;91;69;68;86;49;53;62;66;81;48;0;52;2.8
Louisiana;2015;0;0;0;98;0;0;0;77;12;0;0;0;67;78;0;0;0;0;76;37;86;37;93;84;78;72;0;58;0;57;66;89;26;83;84;30;0;0;0;44;0;0;77;71;80;62;84;40;82;75;52;58;58;58;80;0;100;0;51;89;59;54;82;33;0;80;74;72;17;100;80;46;38;59;55;86;83;56;72;36;55;59;30;77;77;40;68;71;32;50;79;77;56;0;70;24;83;79;57;63;51;33;50;57;0;38;0;27;2.6
Maine;2015;0;0;0;70;0;0;0;72;19;0;0;0;63;61;0;0;0;0;68;70;78;45;41;84;79;60;0;0;0;0;63;68;0;63;78;0;0;0;0;54;0;0;70;85;64;78;72;65;71;96;42;73;56;0;69;0;83;0;0;75;73;61;81;0;0;80;58;44;0;0;76;0;0;0;42;76;75;92;0;0;43;55;42;0;89;43;81;91;78;57;74;0;55;0;0;45;88;71;68;71;34;70;54;64;0;42;0;50;2.2
Maryland;2015;0;0;0;72;0;0;0;61;21;0;0;0;56;60;0;0;15;0;69;57;80;30;76;84;61;61;0;55;77;33;63;68;74;100;80;43;6;44;0;42;15;0;45;85;74;67;79;48;50;64;78;64;56;49;68;0;94;81;29;57;54;57;74;58;40;80;69;77;29;53;79;76;44;70;52;46;93;65;75;42;80;58;50;86;85;42;100;68;51;48;85;82;56;74;27;35;95;84;72;71;70;45;65;52;46;45;0;100;2.2
Massachusetts;2015;0;0;0;60;0;0;0;61;15;0;0;0;51;59;0;0;36;49;65;42;72;33;67;94;75;49;0;37;70;51;63;76;70;93;76;21;12;100;0;40;14;0;54;72;64;80;78;52;52;51;63;59;43;38;62;82;83;76;36;49;48;45;64;56;37;75;77;59;60;58;73;61;39;57;48;52;70;66;73;49;64;59;53;64;77;58;79;71;41;50;67;85;56;67;45;43;91;74;51;64;88;42;48;43;62;32;87;35;2.2
Michigan;2015;100;53;44;72;0;0;0;68;20;0;0;0;61;60;0;0;58;78;77;35;80;42;70;71;73;64;37;48;80;42;80;61;72;77;73;43;43;50;0;40;17;0;69;67;57;72;75;67;52;56;72;62;56;47;80;89;87;40;49;54;62;50;73;40;67;75;66;72;22;52;77;54;40;46;50;72;75;68;72;55;73;64;60;65;76;46;71;77;50;46;78;93;55;83;56;33;89;72;64;75;39;36;56;55;87;48;67;36;3.1
Minnesota;2015;0;0;0;64;0;0;0;65;12;0;0;0;51;50;0;0;0;0;65;43;71;71;65;80;73;54;36;40;0;47;74;66;40;84;68;31;28;0;0;34;27;0;72;64;76;72;68;52;55;66;69;55;47;53;66;0;74;65;0;62;61;53;63;46;0;74;85;73;53;62;73;42;29;60;42;65;73;61;73;48;68;67;70;43;74;57;78;79;42;65;78;79;61;0;54;74;86;68;60;72;53;49;72;47;94;45;0;31;1.9
Mississippi;2015;0;0;0;100;0;0;0;89;6;0;0;0;70;70;0;0;0;0;81;66;95;31;90;88;81;87;0;45;0;12;84;46;54;86;83;0;0;0;0;27;0;0;71;68;75;53;79;100;100;54;85;56;27;0;86;0;98;0;0;71;72;71;79;0;0;99;74;90;36;0;73;0;36;62;100;35;99;39;78;21;59;43;45;0;80;100;85;78;17;43;92;53;39;0;0;44;89;100;86;80;58;42;68;43;0;29;0;28;2.6
Missouri;2015;0;0;0;77;0;0;0;65;14;0;0;0;67;74;0;0;84;0;77;41;85;68;79;78;0;68;0;65;81;38;83;70;66;84;73;25;36;0;0;54;14;0;67;67;70;0;82;66;40;85;59;67;76;75;73;0;90;56;28;64;64;70;83;18;57;84;89;83;77;54;68;36;33;49;73;68;80;64;86;45;79;76;88;100;76;58;69;80;56;58;82;0;50;100;45;55;87;75;60;72;36;45;54;54;100;49;38;68;2.6
Montana;2015;0;0;0;66;0;0;0;88;11;0;0;0;53;55;0;0;0;0;71;0;78;0;46;78;75;59;0;0;0;0;54;0;0;0;78;0;0;0;0;0;48;0;0;52;43;0;80;79;0;60;0;58;60;0;64;0;78;0;0;0;58;60;89;0;0;71;11;33;0;0;68;0;26;100;32;38;72;70;0;0;74;77;16;0;67;47;68;76;100;0;87;0;0;0;0;0;83;61;36;82;0;45;48;38;0;59;0;0;2.2
Nebraska;2015;0;0;0;65;0;0;0;66;10;0;0;0;52;65;0;0;0;0;65;51;76;28;56;72;68;59;0;46;0;51;87;100;51;38;69;0;0;0;0;29;0;0;62;60;44;0;68;54;72;34;36;52;39;0;69;0;79;0;0;71;59;33;71;100;0;66;71;64;0;0;62;34;52;64;41;66;69;85;80;8;65;75;26;58;83;41;83;76;54;66;92;0;43;0;0;36;82;68;50;72;70;67;62;55;0;55;0;66;2.2
Nevada;2015;0;0;0;78;0;0;0;73;8;0;0;0;48;54;0;0;0;0;66;24;80;36;60;71;67;60;0;53;0;42;74;35;45;61;70;32;0;0;0;21;27;55;69;75;47;0;71;55;31;28;33;42;31;23;65;0;81;0;0;39;50;57;56;36;0;67;66;46;0;0;55;37;0;37;45;46;64;48;68;22;65;63;37;41;70;38;67;59;15;40;73;0;40;0;0;16;83;59;43;56;39;35;70;29;0;39;0;53;3.1
New Hampshire;2015;0;0;0;72;0;0;0;66;26;0;0;0;58;50;0;0;0;0;68;15;69;0;51;74;82;52;0;0;0;0;70;0;22;82;68;0;0;0;0;28;100;0;40;79;50;100;69;54;0;34;63;61;51;0;66;0;88;0;0;35;70;60;81;0;0;69;38;51;0;0;61;0;27;0;39;35;65;68;75;0;67;79;56;0;92;65;74;87;32;23;77;0;66;0;0;31;85;66;46;65;72;11;40;83;75;32;0;60;2.4
New Jersey;2015;0;0;0;69;0;0;0;61;19;0;0;0;53;61;0;93;41;0;62;28;87;21;69;82;63;53;0;32;70;35;56;47;76;74;69;44;18;41;0;31;21;0;55;67;61;68;72;46;72;53;63;52;38;37;65;0;97;71;17;33;50;42;61;40;17;68;62;49;28;68;73;41;28;48;54;53;68;62;70;49;52;62;38;55;64;52;81;58;25;41;78;59;54;72;30;28;88;77;42;58;51;37;51;48;80;36;34;37;1.8
New Mexico;2015;0;0;0;70;0;0;0;68;4;0;0;0;57;89;0;0;0;0;78;64;93;17;72;90;92;63;0;49;0;13;61;25;58;76;85;0;0;0;0;44;58;0;86;65;52;0;77;64;43;36;70;56;88;0;66;0;84;0;0;68;52;54;54;0;0;78;67;76;0;0;61;0;0;30;44;77;86;34;94;0;59;65;69;0;73;57;81;68;33;80;82;0;50;0;0;27;85;73;59;73;63;92;61;46;0;28;0;53;2.7
New York;2015;45;100;50;67;58;0;0;60;15;100;100;0;47;55;80;62;64;28;61;38;83;32;69;79;58;49;18;39;63;37;59;69;52;57;69;44;23;42;0;40;21;80;51;71;48;61;63;45;63;50;54;53;46;42;65;50;88;52;60;45;47;38;58;30;34;74;68;62;39;52;66;52;30;46;50;47;65;63;64;48;54;57;40;55;67;49;71;62;27;42;68;63;43;80;46;30;85;70;54;60;53;35;53;46;0;38;49;30;2.0
North Carolina;2015;0;0;65;80;0;0;0;72;15;0;0;0;57;64;0;72;24;59;75;40;78;34;68;79;77;63;0;45;75;14;76;68;74;77;75;46;34;16;0;53;24;78;60;65;61;61;65;57;42;43;70;53;53;69;70;0;84;54;31;53;60;69;82;76;32;75;63;63;53;88;75;37;28;38;66;52;73;44;71;35;51;64;36;68;78;46;75;71;38;49;76;59;48;77;50;44;86;77;48;67;43;47;51;42;0;30;21;39;2.6
North Dakota;2015;0;0;0;50;0;0;0;55;14;0;0;0;0;17;0;0;0;0;72;0;86;0;59;51;68;57;0;0;0;0;58;0;0;0;66;0;0;0;0;0;0;0;100;48;42;0;82;0;0;0;0;100;47;0;76;0;96;0;0;0;67;47;60;0;0;67;100;94;0;0;54;0;100;0;63;49;82;72;77;0;52;72;0;0;93;0;70;91;0;84;93;0;0;0;0;0;81;64;53;77;0;39;56;42;0;100;0;0;2.2
Ohio;2015;0;0;97;74;0;0;0;65;15;0;0;0;70;60;0;0;100;51;78;49;83;49;80;80;80;65;0;55;75;45;84;77;70;87;80;39;32;50;0;53;42;0;71;68;66;87;84;56;68;60;58;71;40;52;79;75;89;77;50;61;65;67;90;69;28;76;88;77;78;67;77;69;42;50;51;78;83;68;82;59;60;56;45;49;76;51;76;76;52;71;83;80;54;83;87;57;94;77;76;76;54;60;66;61;87;48;45;34;2.8
Oklahoma;2015;0;0;0;86;0;0;0;74;26;0;0;0;65;63;0;0;0;0;77;44;95;41;62;87;93;70;0;42;0;49;72;81;51;51;76;38;0;0;0;43;33;0;61;73;48;42;76;47;74;33;53;64;53;40;74;0;86;0;43;64;64;60;72;86;0;78;48;56;0;59;50;57;47;39;43;88;69;67;67;44;73;66;56;55;78;35;63;81;22;48;69;0;52;0;0;34;80;60;69;65;79;66;65;64;0;45;0;29;2.4
Oregon;2015;0;0;0;46;0;0;0;50;23;0;0;0;34;41;0;0;14;0;52;32;53;24;48;71;58;46;0;30;0;15;56;27;32;52;62;96;6;68;0;26;41;0;49;51;40;49;58;38;36;26;50;36;40;31;52;0;59;39;55;36;41;42;47;42;0;65;48;47;28;48;50;51;19;20;25;56;52;53;50;25;37;53;33;31;54;37;51;52;37;30;58;38;39;0;37;37;62;44;32;45;23;44;44;28;27;27;0;31;2.8
Pennsylvania;2015;25;0;100;75;0;0;0;70;19;0;0;0;65;70;0;0;86;100;75;50;85;47;75;81;77;62;22;50;81;43;79;71;56;78;84;54;16;61;0;43;28;92;72;80;60;75;88;59;80;76;63;66;46;52;80;100;89;67;37;64;59;60;71;37;12;78;66;70;66;68;86;70;38;64;46;61;79;50;82;49;71;66;31;85;82;66;77;74;40;67;88;0;51;71;33;48;93;77;63;81;59;60;51;54;84;50;100;36;2.3
Rhode Island;2015;0;0;0;66;0;0;0;58;10;0;0;0;56;58;0;0;0;0;64;38;80;0;52;97;83;59;0;0;0;45;57;0;45;78;72;0;0;0;0;46;0;0;56;54;85;0;79;46;63;60;100;52;43;0;70;0;89;0;0;53;49;38;68;0;0;80;31;76;0;0;77;0;0;0;58;52;70;70;74;0;87;64;23;0;73;60;74;79;37;77;86;0;54;0;0;56;85;83;54;58;86;54;52;58;0;37;0;52;2.4
South Carolina;2015;0;0;0;87;0;0;0;76;9;0;0;0;59;63;0;0;0;0;84;41;87;10;77;98;71;71;0;31;100;42;86;60;29;55;76;60;22;0;0;38;9;0;64;67;55;37;64;50;82;53;56;46;30;56;88;62;84;20;0;57;64;55;89;60;0;74;50;55;34;69;84;37;31;40;60;43;72;59;80;21;50;58;53;61;83;42;72;67;45;53;84;77;39;0;23;43;86;74;58;75;50;38;56;63;78;35;0;29;2.6
South Dakota;2015;0;0;0;69;0;0;0;72;0;0;0;0;0;49;0;0;0;0;74;0;76;0;88;90;57;60;0;0;0;0;97;0;0;0;75;0;0;0;0;63;0;0;0;57;73;0;94;18;94;0;0;76;47;0;78;0;76;0;0;49;60;64;54;0;0;87;87;78;0;0;0;0;0;0;79;100;98;91;97;100;64;77;0;0;99;85;67;97;0;100;79;0;100;0;0;0;93;78;100;90;0;100;100;99;0;59;0;0;2.0
Tennessee;2015;0;0;0;92;0;0;0;77;21;0;0;0;88;83;0;0;27;0;83;65;100;47;100;85;93;78;0;47;71;54;78;85;40;70;84;78;40;13;0;45;20;100;58;74;70;85;100;62;78;82;73;77;41;63;87;0;92;61;27;76;71;69;85;53;27;82;69;100;54;49;78;60;38;51;44;69;89;61;76;46;81;67;38;54;85;66;83;91;41;71;87;0;53;61;91;77;93;77;75;92;78;65;74;67;80;38;55;28;3.1
Texas;2015;32;68;62;86;72;24;0;59;14;96;96;100;47;64;26;100;48;49;67;33;85;29;76;75;74;59;31;41;71;43;65;55;48;73;69;20;23;40;22;41;23;57;59;68;58;40;71;45;49;45;44;44;48;50;68;67;86;38;58;46;50;40;59;36;31;76;57;64;53;48;60;33;28;43;45;64;66;51;60;35;48;52;31;58;69;36;58;63;24;46;70;37;38;69;33;36;80;66;49;58;42;40;63;46;0;34;36;31;2.7
Utah;2015;0;0;0;62;0;0;0;61;9;0;0;0;54;54;0;0;0;0;69;47;68;28;53;80;57;54;0;17;0;69;72;55;28;72;69;33;48;0;0;40;28;0;65;50;51;14;57;50;64;36;38;46;100;0;61;0;75;0;0;37;50;42;48;12;0;61;52;57;0;0;0;73;27;47;26;48;60;50;0;34;48;63;24;14;85;47;50;63;45;52;65;65;48;0;76;50;72;50;52;68;56;40;30;76;0;51;0;48;2.7
Vermont;2015;0;0;0;68;0;0;0;70;28;0;0;0;0;67;0;0;0;0;70;0;64;0;36;91;56;44;0;0;0;0;71;0;0;0;77;0;0;0;0;0;0;0;0;72;48;0;51;0;0;0;0;74;0;0;64;0;83;0;0;0;53;52;90;0;0;68;56;34;0;0;87;0;0;0;51;0;55;89;70;0;0;27;61;0;70;0;81;72;0;14;72;0;0;0;0;0;91;70;72;71;0;0;55;34;0;0;0;0;2.2
Virginia;2015;0;0;0;48;0;0;0;46;12;0;0;0;37;43;0;0;45;34;50;29;54;26;46;85;47;39;0;21;55;29;49;41;40;42;53;55;19;30;0;28;23;65;45;47;41;34;48;33;41;31;43;31;37;40;50;0;63;29;20;36;34;35;43;37;31;58;32;38;23;47;45;23;20;38;33;39;49;51;44;27;40;39;46;38;52;28;54;44;28;42;46;32;34;50;50;20;58;48;32;44;41;26;49;31;44;23;20;30;2.2
Washington;2015;0;0;0;63;0;0;0;65;22;0;0;0;0;58;0;0;29;0;70;41;67;40;54;82;69;46;0;28;65;19;71;48;67;62;75;100;8;38;0;42;10;0;46;65;41;38;55;42;47;41;27;50;30;32;64;86;75;71;38;50;55;46;56;46;39;63;59;51;78;45;62;43;26;29;37;53;55;62;58;33;38;65;64;55;77;48;64;67;33;32;68;55;41;84;43;41;74;55;36;59;50;29;40;39;62;23;0;42;3.0
West Virginia;2015;0;0;0;92;0;0;0;75;13;0;0;0;100;100;0;0;0;0;100;100;98;100;74;88;99;100;0;100;0;77;100;89;0;0;100;0;0;0;0;100;0;0;82;74;80;92;99;41;92;61;65;82;96;59;100;0;85;0;0;100;100;80;99;0;0;100;47;77;0;0;100;62;56;57;52;91;97;61;98;56;100;100;12;0;100;68;77;100;39;31;84;0;85;0;0;49;100;91;100;100;100;98;59;47;0;71;0;36;3.1
Wisconsin;2015;0;0;0;65;0;0;0;68;14;0;0;0;47;55;0;0;0;0;69;41;75;36;69;76;72;56;0;58;0;34;77;75;60;82;72;32;47;41;0;42;14;0;72;67;59;70;70;65;68;35;69;51;63;45;70;0;76;70;0;63;58;65;76;54;0;68;70;51;65;63;68;51;35;52;62;68;68;51;77;30;39;61;39;80;72;57;64;80;57;52;75;91;55;87;62;100;85;69;61;78;70;46;53;51;93;37;0;34;1.9
Wyoming;2015;0;0;0;86;0;0;0;97;0;0;0;0;0;54;0;0;0;0;75;0;74;0;49;59;66;68;0;0;0;0;80;0;0;0;67;0;0;0;0;0;0;0;0;59;35;0;60;0;0;0;24;55;0;0;68;0;80;0;0;0;61;100;59;0;0;81;0;0;0;0;0;0;0;0;49;0;56;0;88;0;0;0;0;0;93;0;70;68;0;0;76;0;0;0;0;0;78;57;28;58;0;0;35;100;0;0;0;0;2.7
Alabama;2016;0;0;0;87;0;0;0;71;7;0;0;0;86;73;0;0;0;0;87;71;94;31;90;78;76;86;0;72;0;67;85;75;82;61;80;55;54;0;0;44;37;0;72;89;100;64;82;100;80;65;49;78;62;81;83;100;98;0;0;37;85;90;100;64;0;89;67;66;25;68;86;68;86;84;66;67;83;42;79;64;62;62;64;52;88;71;85;91;65;55;97;97;63;0;47;29;91;86;74;72;55;36;88;78;0;95;0;39;3.3
Alaska;2016;0;0;0;60;0;0;0;67;6;0;0;0;0;38;0;0;0;0;71;0;64;0;43;75;61;60;0;0;0;0;55;0;0;0;74;0;0;0;0;45;0;0;0;76;65;0;41;0;0;0;0;53;35;0;65;0;77;0;0;0;57;55;50;0;0;74;0;10;0;0;61;0;0;0;0;0;72;35;55;0;0;87;0;0;80;0;57;67;0;0;66;0;0;0;0;0;76;66;57;60;0;0;50;42;0;0;0;0;2.2
Arizona;2016;80;0;0;73;0;0;0;59;6;0;0;0;0;77;0;0;27;0;81;47;76;55;76;70;68;64;0;61;100;38;84;51;72;69;76;38;51;68;0;53;7;0;53;96;78;61;74;66;41;81;41;58;46;49;67;0;100;42;23;56;79;65;47;43;53;90;61;72;66;71;65;53;54;70;53;46;77;50;70;67;77;62;68;60;81;59;81;72;48;47;73;74;62;88;51;52;85;68;71;72;50;58;72;53;78;63;0;30;3.4
Arkansas;2016;0;0;0;84;0;0;0;66;8;0;0;0;74;72;0;0;0;0;82;46;93;67;78;74;72;84;0;82;0;48;73;54;100;79;80;0;0;0;0;29;0;0;74;81;64;39;73;51;65;61;35;67;60;57;73;0;87;0;0;65;73;85;72;71;0;88;57;86;0;100;76;93;75;61;80;31;72;40;68;56;68;79;30;0;73;96;80;77;37;45;76;51;45;0;0;37;84;73;61;65;27;78;87;64;0;47;0;30;3.3
California;2016;49;48;64;60;60;46;54;55;9;25;100;47;41;66;17;48;45;32;59;44;65;34;72;68;61;51;32;51;83;32;58;38;42;64;68;64;23;41;100;34;30;73;44;84;60;0;51;39;44;47;40;48;51;48;51;37;81;34;21;38;52;49;41;36;27;79;60;54;41;56;61;60;40;58;44;40;55;46;47;38;54;51;54;50;72;51;65;59;28;36;63;53;42;64;41;31;77;60;47;58;67;34;60;54;46;46;31;40;2.7
Colorado;2016;0;0;0;53;0;0;0;68;19;0;0;0;49;55;0;0;48;0;64;51;61;59;57;65;57;46;0;73;76;35;64;28;32;64;71;20;38;0;0;37;23;0;44;58;54;43;65;46;49;39;34;64;43;76;63;0;76;44;24;40;70;60;50;35;9;72;36;66;62;52;54;77;47;61;49;45;66;42;0;50;67;78;73;39;86;60;62;63;49;32;64;69;48;59;94;31;76;59;50;71;45;30;65;66;41;43;0;28;2.2
Connecticut;2016;0;0;0;60;0;0;0;60;12;0;0;0;57;64;0;0;89;0;70;60;73;58;74;66;67;57;0;98;0;30;68;73;68;82;78;100;22;0;0;73;60;0;66;98;72;53;68;68;50;87;68;78;56;44;68;0;92;47;0;38;79;58;53;47;100;100;100;75;84;83;83;80;79;79;78;68;68;49;74;67;69;70;56;51;83;69;86;76;37;48;87;100;52;0;100;46;93;90;64;62;80;54;88;62;63;61;0;38;2.7
Delaware;2016;0;0;0;75;0;0;0;58;9;0;0;0;0;56;0;0;0;0;76;88;76;0;82;63;83;62;0;0;0;35;81;0;0;0;70;0;0;0;0;41;0;0;0;83;84;0;75;62;38;100;71;77;89;0;80;0;83;0;0;35;59;67;77;0;0;90;38;56;0;0;92;0;0;0;61;90;76;64;61;0;96;44;0;0;77;47;77;79;85;52;74;0;0;0;0;0;91;91;52;71;0;100;89;72;0;0;0;0;2.7
District of Columbia;2016;0;0;0;68;0;0;0;60;14;0;0;0;43;47;0;0;32;0;60;45;78;37;70;56;0;44;0;40;84;42;58;77;14;62;66;0;0;0;0;24;13;0;45;74;49;63;54;53;46;64;41;58;40;35;66;0;89;57;0;37;54;50;50;60;0;73;40;56;0;0;75;31;46;53;35;46;59;55;46;68;53;54;22;0;81;58;71;71;16;27;73;69;65;0;0;31;85;73;61;65;46;54;44;54;0;62;0;63;2.6
Florida;2016;32;54;100;71;0;81;100;58;14;0;0;100;55;70;0;52;41;58;67;65;81;37;71;65;62;57;68;55;76;52;66;54;59;67;73;42;31;43;0;40;13;49;62;99;80;67;71;51;47;60;36;58;74;70;67;30;84;42;44;48;69;54;55;43;63;83;48;74;39;55;70;55;40;61;52;51;67;39;62;48;76;59;51;67;76;54;80;65;44;51;70;56;54;84;50;39;87;73;57;60;58;54;87;58;59;61;90;32;2.7
Georgia;2016;69;0;85;82;0;0;0;65;9;0;0;0;60;69;0;0;100;58;78;59;88;48;90;64;60;63;55;71;92;38;69;42;26;77;75;27;41;35;0;37;27;0;52;77;76;55;63;55;46;43;30;48;58;58;72;57;89;38;24;63;68;64;69;63;37;78;56;64;50;68;75;58;29;55;55;56;69;37;59;50;63;60;51;50;81;65;71;71;49;35;75;64;49;64;35;43;84;78;45;63;38;43;81;50;56;74;50;27;3.2
Hawaii;2016;0;0;0;64;0;0;0;100;100;0;0;0;43;69;0;0;0;0;72;61;64;47;97;87;50;43;0;0;0;0;73;19;68;97;66;0;0;0;0;25;100;0;67;79;65;47;60;56;23;47;43;73;85;0;61;0;77;0;0;43;49;58;54;0;0;75;74;55;0;0;73;0;21;0;33;48;60;77;62;0;70;60;37;0;97;99;71;66;28;37;69;0;47;0;0;0;79;60;50;63;0;60;73;95;0;85;0;46;3.5
Idaho;2016;0;0;0;60;0;0;0;68;5;0;0;0;58;56;0;0;0;0;76;91;72;49;67;52;53;57;0;0;0;89;79;0;18;46;68;0;0;0;0;26;0;0;59;52;63;0;59;42;48;83;44;48;56;100;69;0;71;90;0;66;75;62;64;0;0;85;43;88;0;0;64;0;0;88;58;6;63;56;77;0;42;92;86;0;75;51;61;75;53;33;52;63;41;0;0;15;76;67;49;67;11;47;62;29;0;81;0;62;1.9
Illinois;2016;32;0;64;63;36;0;0;58;15;0;0;0;53;56;100;74;33;47;69;46;70;33;74;59;59;55;35;50;76;29;69;35;37;65;69;38;22;49;0;46;41;0;54;89;66;59;62;45;54;48;55;51;56;56;64;0;87;42;23;52;62;55;51;48;42;82;60;54;56;57;73;71;53;66;56;36;58;38;67;38;50;64;59;44;82;66;75;73;42;45;73;57;57;68;36;49;88;74;59;63;57;57;75;55;45;71;28;31;3.4
Indiana;2016;0;0;0;70;0;0;0;59;14;0;0;0;58;61;0;0;41;0;76;68;79;50;71;73;66;73;100;69;98;43;87;42;56;86;73;70;16;64;90;41;8;0;61;77;73;56;69;53;54;59;51;57;64;75;77;80;93;73;13;45;76;68;64;44;70;89;64;86;100;74;75;64;45;64;92;51;67;55;64;22;65;75;72;90;86;53;68;82;56;64;80;55;55;73;45;37;87;79;55;76;59;55;70;63;82;73;0;46;2.6
Iowa;2016;0;0;0;55;0;0;0;53;14;0;0;0;72;56;0;0;0;0;63;90;67;36;58;57;49;64;0;37;0;17;66;30;37;74;68;23;78;0;0;51;0;0;83;83;66;67;62;54;100;32;39;63;67;71;62;0;79;0;0;80;70;63;64;23;0;84;40;72;0;0;62;60;57;82;53;49;63;58;64;54;63;77;75;90;85;65;74;83;40;60;75;56;59;0;27;57;82;67;78;83;75;61;83;70;0;88;0;36;1.8
Kansas;2016;0;0;0;61;0;0;0;51;10;0;0;0;51;57;0;0;0;0;64;72;65;68;66;65;53;61;0;57;0;22;61;62;18;65;69;44;0;0;0;44;17;0;57;75;65;72;56;58;48;55;41;50;44;54;67;0;78;0;0;22;58;54;52;100;0;83;46;84;0;77;64;53;49;48;68;69;66;64;60;52;69;72;100;40;74;47;51;69;61;30;67;81;67;0;0;44;84;62;44;72;72;50;85;60;0;47;0;37;2.3
Kentucky;2016;0;0;0;77;0;0;0;79;10;0;0;0;72;100;0;0;0;0;89;79;90;66;83;81;76;78;0;49;0;39;88;100;7;85;86;52;43;0;0;47;14;0;80;77;74;61;82;60;41;58;42;75;89;93;86;0;95;30;63;26;97;100;79;53;0;92;50;96;0;73;91;98;47;80;69;53;78;41;81;29;91;65;68;100;94;75;69;94;55;52;100;86;60;0;62;58;93;81;77;78;79;52;85;46;100;92;0;19;3.3
Louisiana;2016;0;0;0;78;0;0;0;65;8;0;0;0;70;62;0;0;0;0;75;65;82;77;82;79;69;68;0;50;0;41;79;47;54;90;75;58;0;0;0;45;0;0;72;76;93;58;75;79;42;65;43;61;54;44;74;0;97;0;100;49;68;66;59;25;0;86;49;56;52;89;78;68;57;66;58;64;74;51;64;78;86;51;83;60;84;69;69;71;40;31;74;92;44;0;10;47;80;76;53;71;75;41;75;67;0;75;0;33;2.8
Maine;2016;0;0;0;60;0;0;0;66;14;0;0;0;83;73;0;0;0;0;80;82;61;44;49;69;63;64;0;0;0;0;69;98;0;96;83;0;0;0;0;35;0;0;47;97;58;100;70;84;91;70;79;39;46;0;74;0;85;0;0;100;74;73;61;0;0;96;44;60;0;0;100;0;0;90;61;56;78;36;0;0;82;100;54;0;76;50;71;75;100;56;68;0;65;0;0;100;93;86;70;61;62;44;40;84;0;93;0;15;1.9
Maryland;2016;0;0;0;66;0;0;0;60;13;0;0;0;48;52;0;0;18;0;67;65;79;17;82;67;58;61;0;67;95;72;69;57;69;93;68;53;37;57;0;55;7;0;60;85;77;62;69;61;45;56;43;72;50;76;66;0;89;49;23;46;63;61;52;44;36;87;64;73;30;64;77;86;31;80;73;57;71;64;65;62;72;59;54;66;89;71;92;73;45;43;76;75;52;73;28;49;89;84;53;67;46;47;68;59;37;53;0;100;2.6
Massachusetts;2016;0;0;0;53;0;0;0;58;13;0;0;0;52;63;0;0;51;54;65;46;71;41;67;70;58;50;0;58;73;51;57;55;61;78;74;30;26;47;0;40;51;0;58;91;72;74;75;49;56;66;63;64;51;48;62;56;87;62;8;49;68;53;48;54;43;85;59;59;36;60;69;92;56;66;57;50;63;41;71;67;82;63;85;79;76;100;87;74;45;61;76;67;55;76;55;45;87;84;64;55;89;52;70;59;65;77;29;39;2.2
Michigan;2016;100;100;64;66;0;0;0;67;15;0;0;0;56;62;0;0;74;74;80;62;81;51;78;64;63;66;66;66;85;44;79;45;40;75;73;35;40;28;0;50;23;0;64;82;79;66;67;54;55;69;55;73;71;58;80;50;87;48;14;45;72;68;63;42;33;84;51;70;46;58;81;76;50;67;62;50;65;52;60;50;82;73;46;64;75;68;73;80;51;44;74;72;74;71;92;36;88;71;64;69;53;48;75;64;62;87;26;40;3.4
Minnesota;2016;0;0;0;54;0;0;0;58;12;0;0;0;53;54;0;0;40;0;67;48;69;46;65;66;61;56;99;69;0;32;67;55;42;77;69;16;26;0;0;54;58;0;73;79;73;84;67;51;34;58;60;61;50;79;67;0;74;100;63;60;73;68;56;48;0;75;43;60;16;52;75;75;81;83;51;57;66;49;64;100;53;72;66;89;77;77;70;82;49;46;87;73;67;0;69;59;82;71;51;63;85;44;90;72;91;97;0;31;2.1
Mississippi;2016;0;0;0;100;0;0;0;83;5;0;0;0;87;79;0;0;0;0;91;89;100;55;90;77;76;91;0;75;0;39;89;61;62;89;79;0;0;0;0;40;0;0;71;100;93;52;77;68;62;68;58;66;90;0;91;0;100;0;0;78;74;98;81;0;0;97;64;100;97;0;83;0;100;74;89;61;100;67;70;52;80;73;47;0;81;78;75;95;41;39;96;63;59;0;0;47;88;100;68;78;85;60;87;67;0;79;0;24;3.7
Missouri;2016;0;0;0;68;0;0;0;62;12;0;0;0;73;65;0;0;0;0;80;67;80;51;77;63;0;74;0;71;100;61;80;39;51;64;73;63;31;0;0;46;41;0;71;86;72;0;76;64;67;78;50;66;63;91;71;0;90;61;38;72;67;77;72;27;20;82;53;83;91;59;70;69;68;69;75;55;67;59;69;79;63;75;68;70;84;65;73;82;67;47;84;0;57;100;25;49;87;74;73;73;50;72;54;58;91;81;62;40;3.3
Montana;2016;0;0;0;59;0;0;0;74;16;0;0;0;36;47;0;0;0;0;69;0;73;0;36;68;62;55;0;0;0;0;66;0;0;0;77;0;0;0;0;0;0;0;0;69;59;0;53;54;0;60;0;65;14;0;62;0;78;0;0;0;67;77;38;0;0;81;67;15;0;0;51;0;95;76;39;33;59;55;0;0;73;94;83;0;89;51;65;77;72;0;65;0;0;0;0;0;79;62;28;72;0;81;45;62;0;65;0;0;2.3
Nebraska;2016;0;0;0;60;0;0;0;60;17;0;0;0;62;59;0;0;0;0;70;84;68;62;64;59;52;62;0;43;0;39;82;20;50;60;71;0;0;0;0;43;0;0;86;70;56;0;66;81;62;79;27;65;62;0;69;0;74;0;0;57;73;49;47;47;0;73;34;56;0;0;79;76;61;86;45;61;69;17;53;21;85;65;88;38;82;52;73;77;37;58;94;0;55;0;0;73;83;69;59;71;62;33;78;61;0;58;0;48;2.6
Nevada;2016;0;0;0;67;0;0;0;69;6;0;0;0;47;66;0;0;0;0;65;54;78;36;64;60;53;61;0;40;0;10;69;35;40;73;66;30;0;0;0;42;47;54;57;88;55;0;47;55;22;54;40;61;52;58;60;0;78;0;0;41;72;55;47;31;0;69;37;42;0;0;57;41;0;41;40;37;56;37;62;27;58;51;52;36;83;64;64;59;19;40;72;0;39;0;0;33;75;56;49;69;20;21;64;62;0;46;0;41;3.1
New Hampshire;2016;0;0;0;56;0;0;0;72;20;0;0;0;67;77;0;0;0;0;71;37;63;0;50;67;68;61;0;64;0;0;80;0;73;40;73;0;0;54;0;37;0;0;18;67;60;77;54;8;0;64;45;61;49;0;73;0;84;0;0;45;72;79;58;0;0;80;30;59;0;0;81;0;45;0;45;79;57;58;78;0;81;56;49;0;81;60;77;81;66;40;78;0;54;0;0;30;86;80;61;72;57;64;73;51;72;84;0;49;2.3
New Jersey;2016;0;0;0;64;0;0;0;57;9;0;0;0;47;63;0;56;93;0;66;59;85;40;85;66;56;55;0;64;83;30;60;50;44;60;69;33;29;57;0;46;33;0;51;88;63;69;63;38;54;61;49;57;48;48;65;0;91;43;22;45;61;50;48;25;45;77;66;60;38;71;81;72;82;66;58;36;58;52;71;37;79;58;66;49;75;60;80;71;45;38;78;60;51;83;40;34;92;85;46;57;64;45;65;65;72;64;89;47;2.4
New Mexico;2016;0;0;0;76;0;0;0;72;7;0;0;0;76;96;0;0;0;0;74;55;80;76;78;70;100;62;0;68;0;76;100;17;61;94;84;0;0;0;0;67;30;0;39;78;65;0;83;76;56;36;44;58;42;0;66;0;81;0;0;77;78;77;48;0;0;75;62;69;0;0;68;0;0;23;47;70;77;35;77;0;52;74;66;0;96;51;62;69;71;96;71;0;67;0;0;19;84;70;56;54;86;20;62;81;0;65;0;71;2.7
New York;2016;33;85;66;57;100;0;0;53;11;99;88;0;51;68;31;41;63;74;64;59;80;44;78;70;56;51;26;53;81;33;59;50;40;73;68;50;32;42;0;45;36;74;52;91;58;71;63;48;46;64;56;70;53;57;63;45;87;62;22;48;57;50;46;41;55;82;65;59;55;53;73;86;59;67;61;44;62;43;70;52;72;62;55;52;81;68;84;69;48;42;80;70;61;65;57;34;90;80;65;60;75;47;70;61;0;58;34;41;2.2
North Carolina;2016;0;0;70;69;0;0;0;66;11;0;0;0;61;72;0;100;27;58;73;38;75;39;75;67;62;63;0;52;82;47;69;46;27;73;72;43;25;40;0;51;13;81;50;82;62;56;61;50;42;56;49;54;55;71;69;0;86;44;27;44;65;80;59;46;26;78;53;56;40;76;86;62;50;52;79;51;62;49;68;48;54;67;43;57;79;49;78;77;71;32;74;60;71;61;54;52;84;77;59;65;54;42;62;56;0;67;41;31;3.0
North Dakota;2016;0;0;0;63;0;0;0;66;14;0;0;0;0;64;0;0;0;0;74;0;76;0;75;53;76;61;0;0;0;0;97;0;0;0;68;0;0;0;0;0;0;0;51;66;57;0;64;0;0;0;0;79;51;0;80;0;86;0;0;0;69;69;63;0;0;79;81;85;0;0;45;0;92;0;55;66;84;0;79;0;89;64;0;0;97;0;67;78;0;46;73;0;0;0;0;0;82;79;49;74;0;33;62;88;0;66;0;0;2.3
Ohio;2016;0;0;78;67;0;0;0;64;10;0;0;0;70;71;0;0;54;100;75;65;77;49;79;69;76;65;0;76;96;41;85;68;38;70;75;45;44;47;0;51;40;0;62;79;63;74;70;70;37;54;56;77;59;61;78;54;90;52;54;43;81;77;68;52;47;85;57;61;53;66;79;82;57;92;61;76;74;45;69;44;83;75;54;85;83;72;74;82;62;58;81;83;65;91;44;50;88;74;67;73;53;58;76;69;88;100;74;37;2.6
Oklahoma;2016;0;0;0;78;0;0;0;58;9;0;0;0;62;71;0;0;0;0;76;51;98;50;73;77;63;74;0;58;0;36;78;50;42;52;78;42;0;0;0;41;16;0;62;85;57;61;62;56;34;85;38;57;38;77;76;0;86;0;50;52;79;81;67;42;0;82;41;62;0;69;78;81;31;70;46;62;75;68;78;28;68;80;94;56;82;34;72;73;38;41;76;0;59;0;0;31;85;66;51;74;41;40;90;63;0;62;0;42;3.1
Oregon;2016;0;0;0;49;0;0;0;56;14;0;0;0;48;62;0;0;25;0;64;47;58;25;51;64;56;54;0;59;0;38;65;53;15;59;68;25;12;45;0;43;40;0;52;78;64;74;56;43;16;48;55;54;46;57;62;0;74;65;46;32;61;59;50;52;0;68;39;51;40;61;69;57;57;51;35;39;57;55;58;90;44;69;55;46;79;59;65;66;40;17;71;60;47;0;8;40;74;60;45;56;45;54;66;41;28;49;0;34;2.8
Pennsylvania;2016;83;0;99;65;0;0;0;64;10;0;0;0;61;68;0;0;61;79;76;86;82;54;80;67;65;66;27;59;89;50;75;61;69;78;77;34;60;64;0;47;27;76;59;98;66;83;77;62;62;68;60;78;55;64;80;36;85;53;35;61;74;67;63;45;68;90;59;77;49;72;89;100;81;80;64;64;77;38;77;50;81;72;55;65;85;79;83;84;67;43;83;0;58;75;70;50;94;86;67;76;90;47;77;63;66;78;100;35;2.1
Rhode Island;2016;0;0;0;55;0;0;0;55;12;0;0;0;58;72;0;0;0;0;64;100;76;0;59;84;63;52;0;0;0;41;74;0;44;100;68;0;0;0;0;44;0;0;60;77;84;0;71;47;79;60;54;91;79;0;63;0;93;0;0;54;67;35;55;0;0;81;35;70;0;0;69;0;0;0;63;31;61;39;64;91;44;75;70;0;87;89;65;72;79;14;80;0;100;0;0;45;91;77;72;55;14;38;48;51;0;69;0;17;2.0
South Carolina;2016;0;0;0;71;0;0;0;66;13;0;0;0;62;62;0;0;0;0;79;42;79;42;95;71;63;68;0;67;85;18;79;64;35;67;74;29;28;0;0;49;46;0;61;67;68;39;70;58;53;71;42;48;72;89;76;15;86;40;0;46;72;71;77;74;0;82;56;50;68;71;86;41;80;90;73;51;63;58;66;59;87;64;32;66;81;53;72;76;51;45;81;63;44;0;44;54;82;78;62;63;40;62;71;68;70;54;0;27;2.6
South Dakota;2016;0;0;0;58;0;0;0;61;0;0;0;0;0;77;0;0;0;0;77;0;63;0;99;69;68;71;0;0;0;0;81;0;0;0;88;0;0;0;0;96;0;0;0;96;91;0;84;81;17;0;0;100;100;0;67;0;76;0;0;61;86;77;55;0;0;80;60;74;0;0;0;0;0;0;100;39;65;33;61;0;100;80;0;0;100;61;78;95;0;46;76;0;59;0;0;0;85;83;61;100;0;49;82;100;0;65;0;0;2.2
Tennessee;2016;0;0;0;84;0;0;0;73;11;0;0;0;85;80;0;0;45;0;87;79;85;60;100;80;81;76;0;75;98;68;84;66;34;65;84;42;27;100;0;41;37;100;60;80;77;73;85;56;48;61;44;87;72;52;81;0;92;51;34;60;81;82;80;66;70;91;66;100;36;56;82;57;74;75;50;76;78;49;78;86;77;69;55;85;96;81;82;88;65;53;86;0;71;75;39;44;90;78;80;86;68;43;69;68;81;63;55;36;2.8
Texas;2016;38;61;70;79;72;100;0;54;13;100;97;0;57;74;25;62;56;58;66;57;82;35;84;63;63;61;25;62;82;54;69;45;42;63;71;33;29;48;65;39;26;71;57;84;62;50;66;44;39;48;37;51;56;59;65;29;92;35;19;43;63;52;53;63;36;86;49;63;56;50;64;49;48;63;47;47;63;45;59;52;60;58;60;42;76;56;61;65;36;35;68;46;46;59;36;37;75;66;53;59;47;38;71;57;0;58;51;30;2.8
Utah;2016;0;0;0;51;0;0;0;57;6;0;0;0;41;55;0;0;0;0;72;46;64;45;58;61;44;51;0;66;0;31;66;49;74;65;66;72;100;0;0;43;16;0;59;64;61;37;52;43;30;52;53;38;56;0;59;0;72;0;0;61;60;57;45;73;0;74;31;45;0;0;0;58;35;28;34;66;56;45;0;21;53;57;36;43;86;41;52;73;85;28;63;96;38;0;49;61;72;56;45;63;77;29;65;90;0;85;0;25;2.7
Vermont;2016;0;0;0;52;0;0;0;70;12;0;0;0;0;62;0;0;0;0;70;0;61;0;56;58;61;48;0;0;0;0;76;0;0;0;77;0;0;0;0;0;0;0;0;82;57;0;48;0;0;0;0;43;0;0;62;0;82;0;0;0;69;45;55;0;0;89;100;50;0;0;75;0;0;0;37;0;61;37;79;0;14;83;22;0;67;0;100;82;0;63;65;0;0;0;0;0;84;76;74;55;0;0;37;51;0;0;0;0;2.6
Virginia;2016;0;0;0;65;0;0;0;61;13;0;0;0;54;67;0;0;52;85;70;64;78;37;67;68;64;62;0;48;92;37;69;54;43;75;72;64;49;48;0;38;16;85;54;84;71;49;63;46;39;55;31;57;49;57;65;0;90;50;40;46;63;69;56;58;38;79;41;75;21;57;80;76;59;65;52;34;65;49;60;68;58;69;37;53;88;57;76;80;51;38;76;66;66;72;40;43;85;75;53;64;52;54;65;66;62;60;89;45;2.3
Washington;2016;0;0;0;53;0;0;0;60;15;0;0;0;0;58;0;0;29;0;67;54;61;35;50;69;49;50;0;60;83;41;65;44;15;52;67;83;40;45;0;40;53;0;46;76;48;55;47;37;37;30;41;54;56;64;60;56;72;41;54;34;63;60;48;65;21;73;42;52;35;43;63;52;33;52;40;38;55;33;54;48;59;68;70;43;84;49;72;65;37;35;67;55;53;43;22;37;77;56;43;64;54;40;59;49;21;36;0;46;3.1
West Virginia;2016;0;0;0;83;0;0;0;78;12;0;0;0;100;87;0;0;0;0;100;72;95;100;84;100;99;100;0;100;0;100;93;33;0;0;100;0;0;0;0;100;0;0;100;89;58;85;100;79;46;79;57;84;73;92;100;0;82;0;0;67;100;92;88;0;0;90;60;96;0;0;97;47;50;100;43;100;84;100;90;85;82;83;77;0;81;66;86;100;80;100;94;0;41;0;0;92;100;92;100;91;100;44;100;92;0;100;0;47;3.1
Wisconsin;2016;0;0;0;53;0;0;0;61;14;0;0;0;57;62;0;0;0;0;70;61;68;60;64;59;53;57;0;68;0;40;81;52;41;63;69;34;22;95;0;40;36;0;67;77;57;44;64;47;39;29;41;53;56;49;67;0;78;66;41;55;68;71;60;17;0;82;26;63;53;54;69;58;59;59;63;78;62;43;68;62;62;78;69;31;79;64;76;80;66;48;82;65;73;30;41;82;84;74;58;64;51;54;74;61;44;92;0;34;2.4
Wyoming;2016;0;0;0;58;0;0;0;73;22;0;0;0;0;86;0;0;0;0;68;0;65;0;34;46;40;61;0;0;0;0;55;0;0;0;72;0;0;0;0;0;0;0;0;48;51;0;47;0;0;0;100;85;0;0;67;0;65;0;0;0;60;70;39;0;0;75;0;0;0;0;0;0;0;0;95;0;68;0;100;0;0;0;0;0;84;0;68;67;0;0;79;0;0;0;0;0;70;57;72;65;0;0;93;91;0;0;0;0;1.6
